gm,refusalCode,rootCauseBucket,item
bigblurs,unsupported.geometry.path_key_nondeterministic,unsupported geometry feature,none
blur2rectsnonninepatch,unsupported.native-mask-blur.mixed-local-sizes,unsupported native mask-blur feature,none
blurcircles2,invalid.surface.prepared.frame-build-contract,invalid frame plan / preflight seal,none
blurcircles,invalid.surface.prepared.frame-build-contract,invalid frame plan / preflight seal,none
BlurDrawImage,unsupported.image.native_binding,unsupported image/sampler feature,none
blur_ignore_xform_circle,unsupported.core_primitive.stencil_edge_fan_budget,unsupported core-primitive execution feature,none
blur_ignore_xform_rrect,stale.preflight.resource_generation,stale resource generation / preflight staleness,none
blur_ignore_xform_rect,stale.preflight.resource_generation,stale resource generation / preflight staleness,none
blur_image,unsupported.image.native_binding,unsupported image/sampler feature,none
blur_matrix_rect,unsupported.native-mask-blur.mixed-local-sizes,unsupported native mask-blur feature,none
check_small_sigma_offset,unsupported.geometry.path_key_nondeterministic,unsupported geometry feature,none
blurquickreject,unsupported.geometry.path_key_nondeterministic,unsupported geometry feature,none
blurrect_gallery,unsupported.image.alpha_interpretation,unsupported image/sampler feature,none
blurrects,unsupported.material.source_unimplemented,unsupported material feature,none
blurredclippedcircle,invalid.surface.prepared.frame-build-contract,invalid frame plan / preflight seal,none
emboss,unsupported.geometry.path_key_nondeterministic,unsupported geometry feature,none
embossmaskfilter,invalid.surface.prepared.frame-build-contract,invalid frame plan / preflight seal,none
fast_slow_blurimagefilter,unsupported.image.native_binding,unsupported image/sampler feature,none
hdr-pip-blur,unsupported.image.alpha_interpretation,unsupported image/sampler feature,none
imageblurclampmode,unsupported.core_primitive.stencil_edge_fan_budget,unsupported core-primitive execution feature,none
imageblurrepeatmode,unsupported.core_primitive.coverage_sample.scalar_aa_not_promoted,unsupported core-primitive execution feature,none
imageblurrepeatunclipped,unsupported.image.native_binding,unsupported image/sampler feature,none
inverse_fill_filters,unsupported.geometry.path_key_nondeterministic,unsupported geometry feature,none
inverse_windingmode_filters,unsupported.geometry.path_key_nondeterministic,unsupported geometry feature,none
matrixconvolution_color,unsupported.core_primitive.stencil_edge_fan_budget,unsupported core-primitive execution feature,none
rrect_blurs,unsupported.geometry.path_key_nondeterministic,unsupported geometry feature,none
simpleblurroundrect,unsupported.material.source_unimplemented,unsupported material feature,none
TiledBlurBigSigma,unsupported.composite.paint,unsupported composite operation,none
aaclip,unsupported.recording.core_primitive_mixed_uniform_layouts,unsupported recording feature,4
circular-clips,unsupported.core_primitive.coverage_sample.scalar_aa_not_promoted,unsupported core-primitive execution feature,none
clipcubic,unsupported.geometry.path_key_nondeterministic,unsupported geometry feature,none
clipdrawdraw,unsupported.recording.core_primitive_mixed_uniform_layouts,unsupported recording feature,4
cliplargerect,unsupported.geometry.path_key_nondeterministic,unsupported geometry feature,none
clip_region,unsupported.composite.clip,unsupported composite operation,none
clip_sierpinski_region,unsupported.composite.clip,unsupported composite operation,none
clip_strokerect,unsupported.geometry.path_key_nondeterministic,unsupported geometry feature,none
clipsuperrrect,unsupported.core_primitive.stencil_edge_fan_budget,unsupported core-primitive execution feature,none
complexclip3_complex,unsupported.core_primitive.coverage_sample.scalar_aa_not_promoted,unsupported core-primitive execution feature,none
complexclip3_simple,unsupported.core_primitive.coverage_sample.scalar_aa_not_promoted,unsupported core-primitive execution feature,none
complexclip4_aa,unsupported.core_primitive.coverage_sample.scalar_aa_not_promoted,unsupported core-primitive execution feature,none
complexclip4_bw,unsupported.core_primitive.coverage_sample.scalar_aa_not_promoted,unsupported core-primitive execution feature,none
complexclip_aa,unsupported.geometry.path_key_nondeterministic,unsupported geometry feature,none
complexclip_aa_invert,unsupported.geometry.path_key_nondeterministic,unsupported geometry feature,none
complexclip_aa_layer,unsupported.composite.clip,unsupported composite operation,none
complexclip_aa_layer_invert,unsupported.composite.clip,unsupported composite operation,none
complexclip_blur_tiled,unsupported.composite.paint,unsupported composite operation,none
complexclip_bw,unsupported.geometry.path_key_nondeterministic,unsupported geometry feature,none
complexclip_bw_invert,unsupported.geometry.path_key_nondeterministic,unsupported geometry feature,none
complexclip_bw_layer,unsupported.composite.clip,unsupported composite operation,none
complexclip_bw_layer_invert,unsupported.composite.clip,unsupported composite operation,none
convex_poly_clip,unsupported.material.gradient_tile_mode_unsupported,unsupported material feature,none
crbug_892988,unsupported.geometry.path_key_nondeterministic,unsupported geometry feature,none
croppedrects,unsupported.geometry.path_key_nondeterministic,unsupported geometry feature,none
distantclip,unsupported.recording.core_primitive_mixed_uniform_layouts,unsupported recording feature,4
fast_constraint_red_is_allowed,unsupported.image.alpha_interpretation,unsupported image/sampler feature,none
fast_constraint_red_is_allowed_manual,unsupported.image.alpha_interpretation,unsupported image/sampler feature,none
inverseclip,unsupported.core_primitive.stencil_edge_fan_budget,unsupported core-primitive execution feature,none
manypathatlases_128,unsupported.core_primitive.stencil_edge_fan_budget,unsupported core-primitive execution feature,none
manypathatlases_2048,unsupported.core_primitive.stencil_edge_fan_budget,unsupported core-primitive execution feature,none
pdf_crbug_772685,invalid.surface.prepared.frame-build-contract,invalid frame plan / preflight seal,none
perspective_clip,unsupported.core_primitive.stencil_edge_fan_budget,unsupported core-primitive execution feature,none
rrect_clip_aa,unsupported.core_primitive.coverage_sample.scalar_aa_not_promoted,unsupported core-primitive execution feature,none
rrect_clip_bw,unsupported.core_primitive.coverage_sample.scalar_aa_not_promoted,unsupported core-primitive execution feature,none
rrect_clip_draw_paint,unsupported.composite.clip,unsupported composite operation,none
simpleaaclip_path,unsupported.geometry.path_key_nondeterministic,unsupported geometry feature,none
simpleaaclip_rect,unsupported.geometry.path_key_nondeterministic,unsupported geometry feature,none
skbug1719,invalid.surface.prepared.frame-build-contract,invalid frame plan / preflight seal,none
skbug_9319,invalid.preflight.core_primitive_clip_producer_authority,invalid frame plan / preflight seal,3
strict_constraint_batch_no_red_allowed,unsupported.image.alpha_interpretation,unsupported image/sampler feature,none
strict_constraint_batch_no_red_allowed_manual,unsupported.image.alpha_interpretation,unsupported image/sampler feature,none
strict_constraint_no_red_allowed,unsupported.image.alpha_interpretation,unsupported image/sampler feature,none
strict_constraint_no_red_allowed_manual,unsupported.image.alpha_interpretation,unsupported image/sampler feature,none
windowrectangles,unsupported.recording.core_primitive_analytic_shape_clip,unsupported recording feature,none
color,reference-missing,missing reference artifact (chantier B),none
filter,reference-missing,missing reference artifact (chantier B),none
orientation,reference-missing,missing reference artifact (chantier B),none
p3_ovals,unsupported.core_primitive.stencil_edge_fan_budget,unsupported core-primitive execution feature,none
paint_alpha_normals_rt,unsupported.material.source_unimplemented,unsupported material feature,none
rect,reference-missing,missing reference artifact (chantier B),none
shader,unsupported.material.linear_gradient_capability_missing,unsupported material feature,none
aaxfermodes,unsupported.composite.picture.budget,unsupported composite operation,none
aarectmodes,unsupported.composite.preflight,unsupported composite operation,none
arithmode_blender,unsupported.material.linear_gradient_capability_missing,unsupported material feature,none
backdrop_hintrect_clipping,unsupported.composite.paint,unsupported composite operation,none
backdrop_imagefilter_croprect,unsupported.composite.paint,unsupported composite operation,none
badpaint,unsupported.material.source_unimplemented,unsupported material feature,none
clipshadermatrix,unsupported.composite.paint,unsupported composite operation,none
clip_shader_nested,unsupported.composite.paint,unsupported composite operation,none
colorfilterimagefilter,unsupported.core_primitive.coverage_sample.scalar_aa_not_promoted,unsupported core-primitive execution feature,none
colorfilterimagefilter_layer,unsupported.composite.paint,unsupported composite operation,none
colorfiltershader,unsupported.material.gradient_tile_mode_unsupported,unsupported material feature,none
lightingcolorfilter,unsupported.material.linear_gradient_capability_missing,unsupported material feature,none
colormatrix,unsupported.material.linear_gradient_capability_missing,unsupported material feature,none
colorcomposefilter_alpha,unsupported.core_primitive.coverage_sample.scalar_aa_not_promoted,unsupported core-primitive execution feature,none
colorcomposefilter_wacky,unsupported.core_primitive.coverage_sample.scalar_aa_not_promoted,unsupported core-primitive execution feature,none
compare_atlas_vertices,unsupported.image.alpha_interpretation,unsupported image/sampler feature,none
composeshader_alpha,unsupported.material.source_unimplemented,unsupported material feature,none
composeshader_bitmap,unsupported.material.source_unimplemented,unsupported material feature,none
composeshader_bitmap_lm,unsupported.material.source_unimplemented,unsupported material feature,none
composeshader,unsupported.material.source_unimplemented,unsupported material feature,none
composeshader_grid,unsupported.composite.paint,unsupported composite operation,none
composeCFIF,unsupported.core_primitive.coverage_sample.scalar_aa_not_promoted,unsupported core-primitive execution feature,none
compositor_quads_color,unsupported.geometry.path_key_nondeterministic,unsupported geometry feature,none
crbug_1162942,unsupported.core_primitive.geometry.invalid,unsupported core-primitive execution feature,none
crbug_1177833,unsupported.core_primitive.coverage_sample.scalar_aa_not_promoted,unsupported core-primitive execution feature,none
crbug_918512,unsupported.composite.paint,unsupported composite operation,none
destcolor,unsupported.core_primitive.stencil_edge_fan_budget,unsupported core-primitive execution feature,none
discard,failed.frame-coordinator.preflight,runtime failure class,none
displacement,unsupported.image.native_binding,unsupported image/sampler feature,none
draw-atlas-colors,unsupported.image.atlas.source_blend,unsupported image/sampler feature,none
draw-atlas,unsupported.image.alpha_interpretation,unsupported image/sampler feature,none
draw_image_set_alpha_only,unsupported.image.alpha_interpretation,unsupported image/sampler feature,none
draw_image_set,unsupported.image.alpha_interpretation,unsupported image/sampler feature,none
draw_image_set_rect_to_rect,unsupported.image.alpha_interpretation,unsupported image/sampler feature,none
draw_quad_set,unsupported.geometry.path_key_nondeterministic,unsupported geometry feature,none
dropshadow_pseudopersp,unsupported.composite.paint,unsupported composite operation,none
dstreadshuffle,unsupported.geometry.path_key_nondeterministic,unsupported geometry feature,none
encode,unsupported.image.alpha_interpretation,unsupported image/sampler feature,none
filterfastbounds,unsupported.composite.paint,unsupported composite operation,none
hslcolorfilter,unsupported.material.source_unimplemented,unsupported material feature,none
hairmodes,unsupported.geometry.path_key_nondeterministic,unsupported geometry feature,none
highcontrastfilter,unsupported.composite.paint,unsupported composite operation,none
hsl,unsupported.core_primitive.stencil_edge_fan_budget,unsupported core-primitive execution feature,none
imagefiltersbase,unsupported.core_primitive.stencil_edge_fan_budget,unsupported core-primitive execution feature,none
imagefiltersclipped,unsupported.core_primitive.stencil_edge_fan_budget,unsupported core-primitive execution feature,none
imagefilterscropped,unsupported.core_primitive.geometry.invalid,unsupported core-primitive execution feature,none
imagefiltersstroked,unsupported.geometry.path_key_nondeterministic,unsupported geometry feature,none
imagefilterstransformed,unsupported.core_primitive.stencil_edge_fan_budget,unsupported core-primitive execution feature,none
imagefiltersunpremul,unsupported.image.alpha_interpretation,unsupported image/sampler feature,none
imagefilters_xfermodes,unsupported.composite.paint,unsupported composite operation,none
internal_links,unsupported.core_primitive.coverage_sample.scalar_aa_not_promoted,unsupported core-primitive execution feature,none
lcdblendmodes,invalid.preflight.text.blend,invalid frame plan / preflight seal,none
lighting,unsupported.image.native_binding,unsupported image/sampler feature,none
localmatriximagefilter,unsupported.core_primitive.stencil_edge_fan_budget,unsupported core-primitive execution feature,none
luminosity_overflow,unsupported.core_primitive.coverage_sample.scalar_aa_not_promoted,unsupported core-primitive execution feature,none
mixerCF,unsupported.material.source_unimplemented,unsupported material feature,none
offsetimagefilter,unsupported.image.native_binding,unsupported image/sampler feature,none
overdraw_canvas,unsupported.image.native_binding,unsupported image/sampler feature,none
overdrawcolorfilter,unsupported.image.native_binding,unsupported image/sampler feature,none
patch_alpha,failed.prepared-surface.materialization,runtime failure class,none
patch_alpha_test,unsupported.core_primitive.stencil_edge_fan_budget,unsupported core-primitive execution feature,none
patch_image_persp,unsupported.vertices.material,unsupported vertices/mesh feature,none
patch_primitive,failed.prepared-surface.materialization,runtime failure class,none
perlinnoise,unsupported.core_primitive.coverage_sample.scalar_aa_not_promoted,unsupported core-primitive execution feature,none
perlinnoise_layered,unsupported.composite.paint,unsupported composite operation,none
perlinnoise_rotated,unsupported.geometry.path_key_nondeterministic,unsupported geometry feature,none
PlusMergesAA,unsupported.layer.bounds_unbounded,unsupported layer feature,none
rasterallocator,unsupported.core_primitive.coverage_sample.scalar_aa_not_promoted,unsupported core-primitive execution feature,none
recordopts,unsupported.composite.operation,unsupported composite operation,none
rotate_imagefilter,invalid.core_primitive.coverage_sample.stencil_1x_requires_single_sample,invalid frame plan / preflight seal,none
runtimecolorfilter_vertices_atlas_and_patch,invalid.surface.prepared.empty-frame-accounting,invalid frame plan / preflight seal,none
gpusamplerstress,unsupported.material.mapping.image_tile_mode,unsupported material feature,none
savelayer_f16,unsupported.composite.paint,unsupported composite operation,none
shadermaskfilter_gradient,unsupported.core_primitive.stencil_edge_fan_budget,unsupported core-primitive execution feature,none
shadow_utils_gray,unsupported.core_primitive.stencil_edge_fan_budget,unsupported core-primitive execution feature,none
shadow_utils_occl,unsupported.core_primitive.stencil_edge_fan_budget,unsupported core-primitive execution feature,none
simple-offsetimagefilter,unsupported.geometry.path_key_nondeterministic,unsupported geometry feature,none
sk3d_simple,unsupported.surface.prepared.mixed-composite-topology,unsupported prepared-surface topology,none
srcmode,invalid.preflight.text.blend,invalid frame plan / preflight seal,none
srgb_colorfilter,unsupported.image.alpha_interpretation,unsupported image/sampler feature,none
tablecolorfilter,unsupported.material.linear_gradient_capability_missing,unsupported material feature,none
xfermodes,unsupported.geometry.path_key_nondeterministic,unsupported geometry feature,none
alphagradients,unsupported.material.linear_gradient_capability_missing,unsupported material feature,none
analytic_gradients,unsupported.material.linear_gradient_capability_missing,unsupported material feature,none
bug6643,unsupported.material.sweep_gradient_capability_missing,unsupported material feature,none
clamped_gradients,unsupported.material.source_unimplemented,unsupported material feature,none
gradients_2pt_conical_inside_nodither,unsupported.material.source_unimplemented,unsupported material feature,none
gradients_2pt_conical_outside,unsupported.material.source_unimplemented,unsupported material feature,none
crbug_938592,unsupported.material.linear_gradient_capability_missing,unsupported material feature,none
degenerate_gradients,unsupported.material.gradient_tile_mode_unsupported,unsupported material feature,none
emptyshader,unsupported.geometry.path_key_nondeterministic,unsupported geometry feature,none
fillrect_gradient,unsupported.material.linear_gradient_capability_missing,unsupported material feature,none
gradient_dirty_laundry,unsupported.material.linear_gradient_capability_missing,unsupported material feature,none
gradients_many,unsupported.material.linear_gradient_capability_missing,unsupported material feature,none
gradient_many_hard_stops,unsupported.material.linear_gradient_capability_missing,unsupported material feature,none
gradient_many_stops,unsupported.material.linear_gradient_capability_missing,unsupported material feature,none
gradient_matrix,unsupported.material.linear_gradient_capability_missing,unsupported material feature,none
gradients_alpha_many_stops,unsupported.material.linear_gradient_capability_missing,unsupported material feature,none
gradients_color_space,unsupported.material.linear_gradient_capability_missing,unsupported material feature,none
gradients_color_space_many_stops,unsupported.material.linear_gradient_capability_missing,unsupported material feature,none
gradients_color_space_tilemode,unsupported.material.linear_gradient_capability_missing,unsupported material feature,none
gradients_degenerate_2pt,unsupported.material.source_unimplemented,unsupported material feature,none
gradients_dup_color_stops,unsupported.material.linear_gradient_capability_missing,unsupported material feature,none
gradients,unsupported.material.linear_gradient_capability_missing,unsupported material feature,none
gradients_hue_method,unsupported.material.linear_gradient_capability_missing,unsupported material feature,none
gradients_interesting,unsupported.material.linear_gradient_capability_missing,unsupported material feature,none
gradients_local_perspective,unsupported.material.linear_gradient_capability_missing,unsupported material feature,none
gradients_no_texture,unsupported.material.linear_gradient_capability_missing,unsupported material feature,none
gradients_powerless_hue,failed.frame-coordinator.preflight,runtime failure class,none
gradients_view_perspective,unsupported.material.linear_gradient_capability_missing,unsupported material feature,none
hardstop_gradients,unsupported.material.linear_gradient_capability_missing,unsupported material feature,none
hardstop_gradients_many,unsupported.material.linear_gradient_capability_missing,unsupported material feature,none
linear_gradient,unsupported.material.linear_gradient_capability_missing,unsupported material feature,none
linear_gradient_rt,unsupported.material.linear_gradient_capability_missing,unsupported material feature,none
linear_gradient_tiny,unsupported.material.linear_gradient_capability_missing,unsupported material feature,none
persp_shaders_bw,unsupported.image.alpha_interpretation,unsupported image/sampler feature,none
persp_shaders_aa,unsupported.image.alpha_interpretation,unsupported image/sampler feature,none
radial_gradient2,unsupported.material.source_unimplemented,unsupported material feature,none
radial_gradient3,unsupported.material.radial_gradient_capability_missing,unsupported material feature,none
radial_gradient3_nodither,unsupported.material.radial_gradient_capability_missing,unsupported material feature,none
radial_gradient4,unsupported.material.radial_gradient_capability_missing,unsupported material feature,none
radial_gradient4_nodither,unsupported.material.radial_gradient_capability_missing,unsupported material feature,none
radial_gradient,unsupported.material.radial_gradient_capability_missing,unsupported material feature,none
radial_gradient_precision,unsupported.material.gradient_tile_mode_unsupported,unsupported material feature,none
scaled_tilemode_gradient,unsupported.material.linear_gradient_capability_missing,unsupported material feature,none
shallow_gradient_conical,unsupported.material.source_unimplemented,unsupported material feature,none
shallow_gradient_conical_nodither,unsupported.material.source_unimplemented,unsupported material feature,none
shallow_gradient_linear,unsupported.material.linear_gradient_capability_missing,unsupported material feature,none
shallow_gradient_linear_nodither,unsupported.material.linear_gradient_capability_missing,unsupported material feature,none
shallow_gradient_radial,unsupported.material.radial_gradient_capability_missing,unsupported material feature,none
shallow_gradient_radial_nodither,unsupported.material.radial_gradient_capability_missing,unsupported material feature,none
shallow_gradient_sweep,unsupported.material.sweep_gradient_capability_missing,unsupported material feature,none
shallow_gradient_sweep_nodither,unsupported.material.sweep_gradient_capability_missing,unsupported material feature,none
small_color_stop,unsupported.material.source_unimplemented,unsupported material feature,none
sweep_tiling,unsupported.material.sweep_gradient_capability_missing,unsupported material feature,none
testgradient,unsupported.material.linear_gradient_capability_missing,unsupported material feature,none
all_bitmap_configs,unsupported.image.alpha_interpretation,unsupported image/sampler feature,none
all_variants_8888,unsupported.image.alpha_interpretation,unsupported image/sampler feature,none
alpha_image_alpha_tint,unsupported.image.alpha_interpretation,unsupported image/sampler feature,none
alpha_image_shader_rt,unsupported.core_primitive.material.non_solid,unsupported core-primitive execution feature,none
anisomips,failed.frame-coordinator.preflight,runtime failure class,none
anisotropic_image_scale_aniso,unsupported.geometry.path_key_nondeterministic,unsupported geometry feature,none
anisotropic_image_scale_linear,unsupported.geometry.path_key_nondeterministic,unsupported geometry feature,none
anisotropic_image_scale_mip,unsupported.geometry.path_key_nondeterministic,unsupported geometry feature,none
bc1_transparency,unsupported.image.alpha_interpretation,unsupported image/sampler feature,none
bicubic,unsupported.geometry.path_key_nondeterministic,unsupported geometry feature,none
bigmatrix,unsupported.material.source_unimplemented,unsupported material feature,none
bitmapcopy,unsupported.image.pixel.format,unsupported image/sampler feature,none
bitmapfilters,unsupported.image.alpha_interpretation,unsupported image/sampler feature,none
bitmap-image-srgb-legacy,unsupported.image.alpha_interpretation,unsupported image/sampler feature,none
bitmap_premul,unsupported.image.alpha_interpretation,unsupported image/sampler feature,none
bitmaprect_rounding,unsupported.image.alpha_interpretation,unsupported image/sampler feature,none
bitmapshaders,unsupported.image.alpha_interpretation,unsupported image/sampler feature,none
bitmap_subset_shader,unsupported.material.source_unimplemented,unsupported material feature,none
bmp_filter_quality_repeat,unsupported.material.source_unimplemented,unsupported material feature,none
bug6783,unsupported.material.source_unimplemented,unsupported material feature,none
child_sampling_rt,unsupported.core_primitive.coverage_sample.scalar_aa_not_promoted,unsupported core-primitive execution feature,none
clippedbitmapshaders,reference-missing,missing reference artifact (chantier B),none
jpg-color-cube,unsupported.image.alpha_interpretation,unsupported image/sampler feature,none
colorwheel_alphatypes,unsupported.image.alpha_interpretation,unsupported image/sampler feature,none
colorwheel,unsupported.image.alpha_interpretation,unsupported image/sampler feature,none
colorspace2,unsupported.core_primitive.coverage_sample.scalar_aa_not_promoted,unsupported core-primitive execution feature,none
colorspace,unsupported.core_primitive.coverage_sample.scalar_aa_not_promoted,unsupported core-primitive execution feature,none
compressed_textures,unsupported.image.alpha_interpretation,unsupported image/sampler feature,none
copyTo4444,unsupported.image.alpha_interpretation,unsupported image/sampler feature,none
crbug_224618,unsupported.material.gradient_tile_mode_unsupported,unsupported material feature,none
deferred_shader_rt,unsupported.core_primitive.material.non_solid,unsupported core-primitive execution feature,none
bitmaprect_s,unsupported.material.linear_gradient_capability_missing,unsupported material feature,none
bitmaprect_i,unsupported.material.linear_gradient_capability_missing,unsupported material feature,none
3x3bitmaprect,unsupported.image.alpha_interpretation,unsupported image/sampler feature,none
draw_bitmap_rect_skbug4734,unsupported.image.alpha_interpretation,unsupported image/sampler feature,none
drawminibitmaprect,unsupported.material.gradient_tile_mode_unsupported,unsupported material feature,none
drawimagerect_filter,unsupported.image.alpha_interpretation,unsupported image/sampler feature,none
encode-color-types-webp-lossless,unsupported.image.alpha_interpretation,unsupported image/sampler feature,none
encode-srgb-png,unsupported.image.alpha_interpretation,unsupported image/sampler feature,none
exoticformats,unsupported.image.alpha_interpretation,unsupported image/sampler feature,none
filterbug,unsupported.material.source_unimplemented,unsupported material feature,none
flight_animated_image,unsupported.surface.prepared.mixed-composite-topology,unsupported prepared-surface topology,none
flippity,unsupported.image.alpha_interpretation,unsupported image/sampler feature,none
format4444,unsupported.image.pixel.format,unsupported image/sampler feature,none
giantbitmap_clamp_bilerp_rotate,unsupported.geometry.path_key_nondeterministic,unsupported geometry feature,none
giantbitmap_clamp_bilerp_scale,unsupported.geometry.path_key_nondeterministic,unsupported geometry feature,none
giantbitmap_clamp_point_rotate,unsupported.geometry.path_key_nondeterministic,unsupported geometry feature,none
giantbitmap_clamp_point_scale,unsupported.geometry.path_key_nondeterministic,unsupported geometry feature,none
giantbitmap_mirror_bilerp_rotate,unsupported.geometry.path_key_nondeterministic,unsupported geometry feature,none
giantbitmap_mirror_bilerp_scale,unsupported.geometry.path_key_nondeterministic,unsupported geometry feature,none
giantbitmap_mirror_point_rotate,unsupported.geometry.path_key_nondeterministic,unsupported geometry feature,none
giantbitmap_mirror_point_scale,unsupported.geometry.path_key_nondeterministic,unsupported geometry feature,none
giantbitmap_repeat_bilerp_rotate,unsupported.geometry.path_key_nondeterministic,unsupported geometry feature,none
giantbitmap_repeat_bilerp_scale,unsupported.geometry.path_key_nondeterministic,unsupported geometry feature,none
giantbitmap_repeat_point_rotate,unsupported.geometry.path_key_nondeterministic,unsupported geometry feature,none
giantbitmap_repeat_point_scale,unsupported.geometry.path_key_nondeterministic,unsupported geometry feature,none
hugebitmapshader,unsupported.material.source_unimplemented,unsupported material feature,none
image-cacherator-from-picture,unsupported.geometry.path_key_nondeterministic,unsupported geometry feature,none
image_dither,unsupported.material.linear_gradient_capability_missing,unsupported material feature,none
imagefilter_transformed_image,unsupported.image.alpha_interpretation,unsupported image/sampler feature,none
imagefilterscropexpand,unsupported.composite.paint,unsupported composite operation,none
imagefiltersgraph,unsupported.image.native_binding,unsupported image/sampler feature,none
image-surface,unsupported.geometry.path_key_nondeterministic,unsupported geometry feature,none
imagemagnifier_bounds,unsupported.composite.operation,unsupported composite operation,none
imagemagnifier_cropped,unsupported.composite.paint,unsupported composite operation,none
imagemagnifier,unsupported.composite.paint,unsupported composite operation,none
imagemakewithfilter,unsupported.image.alpha_interpretation,unsupported image/sampler feature,none
imagemasksubset,unsupported.image.alpha_interpretation,unsupported image/sampler feature,none
image_out_of_gamut,unsupported.image.alpha_interpretation,unsupported image/sampler feature,none
image-picture,unsupported.geometry.path_key_nondeterministic,unsupported geometry feature,none
imageresizetiled,unsupported.composite.operation,unsupported composite operation,none
image-shader,unsupported.geometry.path_key_nondeterministic,unsupported geometry feature,none
imagesource,unsupported.surface.prepared.image-clip,unsupported prepared-surface topology,none
image_subset,unsupported.core_primitive.stencil_edge_fan_budget,unsupported core-primitive execution feature,none
localmatrixshader_nested,unsupported.geometry.path_key_nondeterministic,unsupported geometry feature,none
local_matrix_shader_rt,unsupported.material.source_unimplemented,unsupported material feature,none
localmatrix_order,unsupported.material.source_unimplemented,unsupported material feature,none
makecolorspace,unsupported.image.alpha_interpretation,unsupported image/sampler feature,none
makeRasterImage,unsupported.image.alpha_interpretation,unsupported image/sampler feature,none
mipmap_gray8_srgb,unsupported.image.pixel.format,unsupported image/sampler feature,none
mipmap_srgb,unsupported.image.alpha_interpretation,unsupported image/sampler feature,none
mirror_tile,unsupported.transform.affine_material,unsupported transform feature,none
nearest_half_pixel_image,unsupported.image.alpha_interpretation,unsupported image/sampler feature,none
ninepatch-stretch,unsupported.image.nine_geometry,unsupported image/sampler feature,none
not_native32_bitmap_config,unsupported.core_primitive.stencil_edge_fan_budget,unsupported core-primitive execution feature,none
null_child_rt,unsupported.core_primitive.material.non_solid,unsupported core-primitive execution feature,none
p3,unsupported.image.alpha_interpretation,unsupported image/sampler feature,none
persp_images,unsupported.image.alpha_interpretation,unsupported image/sampler feature,none
pictureimagefilter,unsupported.composite.paint,unsupported composite operation,none
pictureshader_alpha,unsupported.core_primitive.stencil_edge_fan_budget,unsupported core-primitive execution feature,none
pictureshadercache,unsupported.core_primitive.stencil_edge_fan_budget,unsupported core-primitive execution feature,none
pictureshader,unsupported.core_primitive.stencil_edge_fan_budget,unsupported core-primitive execution feature,none
pictureshader_localwrapper,unsupported.core_primitive.stencil_edge_fan_budget,unsupported core-primitive execution feature,none
pictureshader_persp,unsupported.core_primitive.stencil_edge_fan_budget,unsupported core-primitive execution feature,none
pictureshadertile,unsupported.transform.class_downgrade,unsupported transform feature,none
readpixelscodec,unsupported.core_primitive.coverage_sample.scalar_aa_not_promoted,unsupported core-primitive execution feature,none
readpixelspicture,unsupported.geometry.path_key_nondeterministic,unsupported geometry feature,none
reinterpretcolorspace,unsupported.image.alpha_interpretation,unsupported image/sampler feature,none
repeated_bitmap,unsupported.image.alpha_interpretation,unsupported image/sampler feature,none
repeated_bitmap_jpg,unsupported.image.alpha_interpretation,unsupported image/sampler feature,none
scale-pixels,size-mismatch,reference size mismatch,none
scaled_tilemode_bitmap,unsupported.material.linear_gradient_capability_missing,unsupported material feature,none
scalepixels_unpremul,unsupported.image.alpha_interpretation,unsupported image/sampler feature,none
shaderpath,unsupported.material.linear_gradient_capability_missing,unsupported material feature,none
skbug_8664,unsupported.image.alpha_interpretation,unsupported image/sampler feature,none
skbug_9819,unsupported.composite.operation,unsupported composite operation,none
stoplight_animated_image,unsupported.surface.prepared.mixed-composite-topology,unsupported prepared-surface topology,none
surface_underdraw,unsupported.material.gradient_tile_mode_unsupported,unsupported material feature,none
texture,unsupported.geometry.path_key_nondeterministic,unsupported geometry feature,none
textureimage_and_shader,unsupported.image.alpha_interpretation,unsupported image/sampler feature,none
tiled_picture_shader,unsupported.geometry.path_key_nondeterministic,unsupported geometry feature,none
tiledscaledbitmap,unsupported.core_primitive.stencil_edge_fan_budget,unsupported core-primitive execution feature,none
tilemode_decal,unsupported.material.source_unimplemented,unsupported material feature,none
tilemodes_alpha,unsupported.material.source_unimplemented,unsupported material feature,none
tilemodes,unsupported.material.linear_gradient_capability_missing,unsupported material feature,none
tilemode_bitmap,unsupported.material.linear_gradient_capability_missing,unsupported material feature,none
tilemode_gradient,unsupported.material.linear_gradient_capability_missing,unsupported material feature,none
tinybitmap,unsupported.material.source_unimplemented,unsupported material feature,none
unpremul,unsupported.composite.operation,unsupported composite operation,none
wacky_yuv_formats,reference-missing,missing reference artifact (chantier B),none
custommesh_cs,failed.prepared-surface.materialization,runtime failure class,none
custommesh_cs_uniforms,failed.prepared-surface.materialization,runtime failure class,none
custommesh,invalid.frame_plan.destination_read_unbound,invalid frame plan / preflight seal,none
mesh_updates,failed.prepared-surface.materialization,runtime failure class,none
picture_mesh,unsupported.composite.operation,unsupported composite operation,none
skbug_13047,unsupported.vertices.material,unsupported vertices/mesh feature,none
vertices_batching,unsupported.vertices.topology,unsupported vertices/mesh feature,none
vertices_collapsed,unsupported.vertices.material,unsupported vertices/mesh feature,none
vertices,unsupported.vertices.material,unsupported vertices/mesh feature,none
bezier_conic_effects,unsupported.geometry.path_key_nondeterministic,unsupported geometry feature,none
bezier_quad_effects,unsupported.geometry.path_key_nondeterministic,unsupported geometry feature,none
bug41422450,unsupported.geometry.path_key_nondeterministic,unsupported geometry feature,none
ctmpatheffect,unsupported.geometry.path_key_nondeterministic,unsupported geometry feature,none
circle_sizes,unsupported.core_primitive.stencil_edge_fan_budget,unsupported core-primitive execution feature,none
clockwise,unsupported.core_primitive.coverage_sample.scalar_aa_not_promoted,unsupported core-primitive execution feature,none
concavepaths,unsupported.core_primitive.stencil_edge_fan_budget,unsupported core-primitive execution feature,none
conicpaths,unsupported.geometry.path_key_nondeterministic,unsupported geometry feature,none
convex_lineonly_paths,unsupported.core_primitive.coverage_sample.scalar_aa_not_promoted,unsupported core-primitive execution feature,none
convex_lineonly_paths_stroke_and_fill,unsupported.core_primitive.coverage_sample.scalar_aa_not_promoted,unsupported core-primitive execution feature,none
convexpaths,unsupported.core_primitive.stencil_edge_fan_budget,unsupported core-primitive execution feature,none
crbug_691386,unsupported.geometry.path_key_nondeterministic,unsupported geometry feature,none
cubicclosepath,unsupported.geometry.path_key_nondeterministic,unsupported geometry feature,none
cubicpath,unsupported.geometry.path_key_nondeterministic,unsupported geometry feature,none
cubicpath_shader,unsupported.material.linear_gradient_capability_missing,unsupported material feature,none
dashcircle,unsupported.geometry.path_key_nondeterministic,unsupported geometry feature,none
dashtextcaps,unsupported.geometry.path_key_nondeterministic,unsupported geometry feature,none
dashing5_aa,unsupported.geometry.path_key_nondeterministic,unsupported geometry feature,none
dashing,unsupported.geometry.path_key_nondeterministic,unsupported geometry feature,none
drawlines_with_local_matrix,unsupported.material.radial_gradient_capability_missing,unsupported material feature,none
drawregionmodes,unsupported.geometry.path_key_nondeterministic,unsupported geometry feature,none
fatpathfill,unsupported.core_primitive.coverage_sample.scalar_aa_not_promoted,unsupported core-primitive execution feature,none
filltypespersp,unsupported.material.source_unimplemented,unsupported material feature,none
inner_join_geometry,unsupported.geometry.path_key_nondeterministic,unsupported geometry feature,none
lineclosepath,unsupported.geometry.path_key_nondeterministic,unsupported geometry feature,none
linepath,unsupported.geometry.path_key_nondeterministic,unsupported geometry feature,none
mandoline,unsupported.core_primitive.stencil_edge_fan_budget,unsupported core-primitive execution feature,none
manycircles,unsupported.core_primitive.stencil_edge_fan_budget,unsupported core-primitive execution feature,none
manypathatlases,unsupported.core_primitive.stencil_edge_fan_budget,unsupported core-primitive execution feature,none
nested,unsupported.core_primitive.stencil_edge_fan_budget,unsupported core-primitive execution feature,none
nested,unsupported.core_primitive.coverage_sample.scalar_aa_not_promoted,unsupported core-primitive execution feature,none
nonclosedpaths,unsupported.geometry.path_key_nondeterministic,unsupported geometry feature,none
OverStroke,unsupported.geometry.path_key_nondeterministic,unsupported geometry feature,none
parsedpaths,unsupported.core_primitive.stencil_edge_fan_budget,unsupported core-primitive execution feature,none
path_mask_cache,unsupported.core_primitive.stencil_edge_fan_budget,unsupported core-primitive execution feature,none
pathops_skbug_10155,unsupported.geometry.path_key_nondeterministic,unsupported geometry feature,none
path-reverse,unsupported.geometry.path_key_nondeterministic,unsupported geometry feature,none
path_stroke_clip_crbug1070835,unsupported.geometry.path_key_nondeterministic,unsupported geometry feature,none
points,unsupported.geometry.path_key_nondeterministic,unsupported geometry feature,none
poly2poly,unsupported.geometry.path_key_nondeterministic,unsupported geometry feature,none
polygons,unsupported.geometry.path_key_nondeterministic,unsupported geometry feature,none
preservefillrule_big,unsupported.core_primitive.coverage_sample.scalar_aa_not_promoted,unsupported core-primitive execution feature,none
preservefillrule_little,unsupported.core_primitive.coverage_sample.scalar_aa_not_promoted,unsupported core-primitive execution feature,none
quadclosepath,unsupported.geometry.path_key_nondeterministic,unsupported geometry feature,none
quadpath,unsupported.geometry.path_key_nondeterministic,unsupported geometry feature,none
roundrects,unsupported.geometry.path_key_nondeterministic,unsupported geometry feature,none
sharedcorners,unsupported.geometry.path_key_nondeterministic,unsupported geometry feature,none
simpleshapes_bw,unsupported.native-core-primitive.path-destination-read,unsupported execution feature,6
simpleshapes,unsupported.core_primitive.coverage_sample.scalar_aa_not_promoted,unsupported core-primitive execution feature,none
stlouisarch,unsupported.geometry.path_key_nondeterministic,unsupported geometry feature,none
stroke_rect_shader,unsupported.geometry.path_key_nondeterministic,unsupported geometry feature,none
strokedline_caps,unsupported.geometry.path_key_nondeterministic,unsupported geometry feature,none
strokes3,unsupported.geometry.path_key_nondeterministic,unsupported geometry feature,none
zero_control_stroke,unsupported.geometry.path_key_nondeterministic,unsupported geometry feature,none
strokes_round,unsupported.geometry.path_key_nondeterministic,unsupported geometry feature,none
teenyStrokes,unsupported.geometry.path_key_nondeterministic,unsupported geometry feature,none
thin_aa_dash_lines,unsupported.geometry.path_key_nondeterministic,unsupported geometry feature,none
thinrects,unsupported.core_primitive.geometry.invalid,unsupported core-primitive execution feature,none
thinroundrects,unsupported.core_primitive.geometry.invalid,unsupported core-primitive execution feature,none
thinstrokedrects,unsupported.geometry.path_key_nondeterministic,unsupported geometry feature,none
tinyanglearcs,unsupported.geometry.path_key_nondeterministic,unsupported geometry feature,none
trickycubicstrokes_largeradius,unsupported.geometry.path_key_nondeterministic,unsupported geometry feature,none
trimpatheffect,unsupported.geometry.path_key_nondeterministic,unsupported geometry feature,none
widebuttcaps,unsupported.geometry.path_key_nondeterministic,unsupported geometry feature,none
zero_control_stroke,unsupported.geometry.path_key_nondeterministic,unsupported geometry feature,none
zeroPath,unsupported.geometry.path_key_nondeterministic,unsupported geometry feature,none
zerolinedash,unsupported.geometry.path_key_nondeterministic,unsupported geometry feature,none
zerolinestroke,unsupported.geometry.path_key_nondeterministic,unsupported geometry feature,none
AlternateLuma,unsupported.core_primitive.material.non_solid,unsupported core-primitive execution feature,none
arithmode,unsupported.core_primitive.material.non_solid,unsupported core-primitive execution feature,none
color_cube_rt,unsupported.core_primitive.material.non_solid,unsupported core-primitive execution feature,none
composeCF,unsupported.material.sweep_gradient_capability_missing,unsupported material feature,none
runtime_intrinsics_common,unsupported.core_primitive.material.non_solid,unsupported core-primitive execution feature,none
runtime_intrinsics_exponential,unsupported.core_primitive.material.non_solid,unsupported core-primitive execution feature,none
runtime_intrinsics_geometric,unsupported.core_primitive.material.non_solid,unsupported core-primitive execution feature,none
runtime_intrinsics_matrix,unsupported.core_primitive.material.non_solid,unsupported core-primitive execution feature,none
runtime_intrinsics_relational,unsupported.core_primitive.material.non_solid,unsupported core-primitive execution feature,none
runtime_intrinsics_trig,unsupported.core_primitive.material.non_solid,unsupported core-primitive execution feature,none
kawase_blur_rt,unsupported.composite.paint,unsupported composite operation,none
lineargradientrt,reference-missing,missing reference artifact (chantier B),none
lumafilter,unsupported.core_primitive.material.non_solid,unsupported core-primitive execution feature,none
rippleshader,unsupported.core_primitive.material.non_solid,unsupported core-primitive execution feature,none
rtif_distort,unsupported.composite.paint,unsupported composite operation,none
rtif_unsharp,unsupported.composite.operation,unsupported composite operation,none
runtimecolorfilter,unsupported.core_primitive.material.non_solid,unsupported core-primitive execution feature,none
runtimefunctions,unsupported.core_primitive.material.non_solid,unsupported core-primitive execution feature,none
runtime_shader,unsupported.core_primitive.material.non_solid,unsupported core-primitive execution feature,none
spiral_rt,unsupported.core_primitive.material.non_solid,unsupported core-primitive execution feature,none
threshold_rt,unsupported.core_primitive.material.non_solid,unsupported core-primitive execution feature,none
unsharp_rt,unsupported.image.alpha_interpretation,unsupported image/sampler feature,none
annotated_text,invalid.surface.prepared.frame-build-contract,invalid frame plan / preflight seal,none
bigtext_crbug_1370488,unsupported.text.atlas_page_budget_exceeded,unsupported text/glyph feature,none
bigtext,unsupported.text.atlas_page_budget_exceeded,unsupported text/glyph feature,none
blob_rsxform_distortable,invalid.prepared-surface.run-plan,invalid frame plan / preflight seal,none
blob_rsxform,invalid.prepared-surface.run-plan,invalid frame plan / preflight seal,none
chrome_gradtext2,unsupported.material.linear_gradient_capability_missing,unsupported material feature,none
cliperror,unsupported.core_primitive.coverage_sample.scalar_aa_not_promoted,unsupported core-primitive execution feature,none
coloremoji_colrv0,unsupported.text.font_bytes_malformed,unsupported text/glyph feature,none
coloremoji,unsupported.core_primitive.stencil_edge_fan_budget,unsupported core-primitive execution feature,none
colorwheelnative,invalid.prepared-surface.run-plan,invalid frame plan / preflight seal,none
coloremoji_blendmodes_colrv0,unsupported.text.font_bytes_malformed,unsupported text/glyph feature,none
coloremoji_blendmodes,unsupported.core_primitive.stencil_edge_fan_budget,unsupported core-primitive execution feature,none
colrv1_gradient_stops_repeat,unsupported.text.font_bytes_malformed,unsupported text/glyph feature,none
crbug_1073670,invalid.surface.prepared.text-command,invalid frame plan / preflight seal,none
dftext_blob_persp,invalid.prepared-surface.run-plan,invalid frame plan / preflight seal,none
dftext,unsupported.text.transform_perspective,unsupported text/glyph feature,none
drawTextRSXform,unsupported.geometry.path_key_nondeterministic,unsupported geometry feature,none
fontmgr_bounds,unsupported.core_primitive.stencil_edge_fan_budget,unsupported core-primitive execution feature,none
font_palette_default,invalid.prepared-surface.run-plan,invalid frame plan / preflight seal,none
fontscalerdistortable,invalid.surface.prepared.text-command,invalid frame plan / preflight seal,none
fontscaler,invalid.surface.prepared.text-command,invalid frame plan / preflight seal,none
gammatext_color_shader,invalid.prepared-surface.run-plan,invalid frame plan / preflight seal,none
gammatext,unsupported.material.linear_gradient_capability_missing,unsupported material feature,none
getpostextpath,unsupported.geometry.path_key_nondeterministic,unsupported geometry feature,none
gradtext,invalid.prepared-surface.run-plan,invalid frame plan / preflight seal,none
largeglyphblur,unsupported.text.atlas_page_budget_exceeded,unsupported text/glyph feature,none
lcdoverlap,invalid.preflight.text.blend,invalid frame plan / preflight seal,none
macaa_colors,invalid.surface.prepared.text-command,invalid frame plan / preflight seal,none
mixedtextblobs,invalid.surface.prepared.text-command,invalid frame plan / preflight seal,none
overdraw_text_xform,invalid.prepared-surface.run-plan,invalid frame plan / preflight seal,none
pdf_never_embed,invalid.prepared-surface.run-plan,invalid frame plan / preflight seal,none
persptext,unsupported.text.transform_perspective,unsupported text/glyph feature,none
persptext_minimal,unsupported.text.transform_perspective,unsupported text/glyph feature,none
scaledemojiperspective_colrv0,unsupported.text.font_bytes_malformed,unsupported text/glyph feature,none
scaledemojipos_colrv0,unsupported.text.font_bytes_malformed,unsupported text/glyph feature,none
scaledemoji_colrv0,unsupported.text.font_bytes_malformed,unsupported text/glyph feature,none
scaledemoji_rendering,unsupported.text.font_bytes_malformed,unsupported text/glyph feature,none
shadertext3,unsupported.material.mapping.local_matrix,unsupported material feature,none
skbug_257,unsupported.material.source_unimplemented,unsupported material feature,none
skbug_8955,unsupported.text.transform_singular,unsupported text/glyph feature,none
slug,invalid.surface.prepared.frame-build-contract,invalid frame plan / preflight seal,none
stroketext,unsupported.text.path_effect_unsupported,unsupported text/glyph feature,none
stroketext_native,unsupported.geometry.path_key_nondeterministic,unsupported geometry feature,none
surfaceprops,unsupported.material.linear_gradient_capability_missing,unsupported material feature,none
textblobblockreordering,invalid.surface.prepared.text-command,invalid frame plan / preflight seal,none
textblobcolortrans,invalid.prepared-surface.run-plan,invalid frame plan / preflight seal,none
textblobgeometrychange,invalid.prepared-surface.run-plan,invalid frame plan / preflight seal,none
textblob,unsupported.geometry.path_key_nondeterministic,unsupported geometry feature,none
textblob_intercepts,unsupported.geometry.path_key_nondeterministic,unsupported geometry feature,none
textblobmixedsizes,unsupported.text.mask_generation_failed,unsupported text/glyph feature,none
textblobrandomfont,invalid.prepared-surface.run-plan,invalid frame plan / preflight seal,none
textblobtransforms,invalid.prepared-surface.run-plan,invalid frame plan / preflight seal,none
textblobuseaftergpufree,invalid.prepared-surface.run-plan,invalid frame plan / preflight seal,none
fancyblobunderline,unsupported.geometry.path_key_nondeterministic,unsupported geometry feature,none
textfilter_color,unsupported.composite.operation,unsupported composite operation,none
textfilter_image,unsupported.composite.operation,unsupported composite operation,none
text_scale_skew,below-threshold-similarity,below-threshold similarity (documented divergence),none
text_scale_skew_rotate,invalid.surface.prepared.text-command,invalid frame plan / preflight seal,none
typefacerendering,unsupported.layer.bounds_unbounded,unsupported layer feature,none
typefacestyles,invalid.surface.prepared.text-command,invalid frame plan / preflight seal,none
typefacestyles_kerning,invalid.surface.prepared.text-command,invalid frame plan / preflight seal,none
typeface_styling,unsupported.text.paint_style_unsupported,unsupported text/glyph feature,none
user_typeface,unsupported.geometry.path_key_nondeterministic,unsupported geometry feature,none
