item,family,mode,context,refusalCode,referenceKind,expectedGpuRoute,pmValue,risk,ownerTask
3,clip:coverage,n/a,complex-clip(AA-intersect+path-difference),invalid.preflight.core_primitive_clip_producer_authority,cpu-oracle,prepared-composite-analytic-clip,medium,low,5
3,clip:coverage,sigma=1.5,complex-clip(AA-intersect+path-difference),invalid.preflight.core_primitive_clip_producer_authority,cpu-oracle,prepared-composite-analytic-clip,medium,low,5
4,DrawRRect,DST,UNCLIPPED,invalid.preflight.core_primitive_direct_geometry_resources,cpu-oracle,split-uniform64-160,high,medium,6
4,DrawRRect,DST,SCISSOR,invalid.preflight.core_primitive_direct_geometry_resources,cpu-oracle,split-uniform64-160,high,medium,6
4,DrawRRect,CLEAR,ALPHA_MASK,unsupported.recording.core_primitive_mixed_uniform_layouts,cpu-oracle,split-uniform64-160,high,medium,6
4,DrawRRect,SRC,ALPHA_MASK,unsupported.recording.core_primitive_mixed_uniform_layouts,cpu-oracle,split-uniform64-160,high,medium,6
4,DrawRRect,DST,ALPHA_MASK,unsupported.recording.core_primitive_mixed_uniform_layouts,cpu-oracle,split-uniform64-160,high,medium,6
4,DrawRRect,SRC_OVER,ALPHA_MASK,unsupported.recording.core_primitive_mixed_uniform_layouts,cpu-oracle,split-uniform64-160,high,medium,6
4,DrawRRect,DST_OVER,ALPHA_MASK,unsupported.recording.core_primitive_mixed_uniform_layouts,cpu-oracle,split-uniform64-160,high,medium,6
4,DrawRRect,SRC_IN,ALPHA_MASK,unsupported.recording.core_primitive_mixed_uniform_layouts,cpu-oracle,split-uniform64-160,high,medium,6
4,DrawRRect,DST_IN,ALPHA_MASK,unsupported.recording.core_primitive_mixed_uniform_layouts,cpu-oracle,split-uniform64-160,high,medium,6
4,DrawRRect,SRC_OUT,ALPHA_MASK,unsupported.recording.core_primitive_mixed_uniform_layouts,cpu-oracle,split-uniform64-160,high,medium,6
4,DrawRRect,DST_OUT,ALPHA_MASK,unsupported.recording.core_primitive_mixed_uniform_layouts,cpu-oracle,split-uniform64-160,high,medium,6
4,DrawRRect,SRC_ATOP,ALPHA_MASK,unsupported.recording.core_primitive_mixed_uniform_layouts,cpu-oracle,split-uniform64-160,high,medium,6
4,DrawRRect,DST_ATOP,ALPHA_MASK,unsupported.recording.core_primitive_mixed_uniform_layouts,cpu-oracle,split-uniform64-160,high,medium,6
4,DrawRRect,XOR,ALPHA_MASK,unsupported.recording.core_primitive_mixed_uniform_layouts,cpu-oracle,split-uniform64-160,high,medium,6
4,DrawRRect,PLUS,ALPHA_MASK,unsupported.recording.core_primitive_mixed_uniform_layouts,cpu-oracle,split-uniform64-160,high,medium,6
4,DrawRRect,MODULATE,ALPHA_MASK,unsupported.recording.core_primitive_mixed_uniform_layouts,cpu-oracle,split-uniform64-160,high,medium,6
4,DrawRRect,MULTIPLY,ALPHA_MASK,unsupported.recording.core_primitive_mixed_uniform_layouts,cpu-oracle,split-uniform64-160,high,medium,6
4,DrawRRect,SCREEN,ALPHA_MASK,unsupported.recording.core_primitive_mixed_uniform_layouts,cpu-oracle,split-uniform64-160,high,medium,6
4,DrawRRect,OVERLAY,ALPHA_MASK,unsupported.recording.core_primitive_mixed_uniform_layouts,cpu-oracle,split-uniform64-160,high,medium,6
4,DrawRRect,DARKEN,ALPHA_MASK,unsupported.recording.core_primitive_mixed_uniform_layouts,cpu-oracle,split-uniform64-160,high,medium,6
4,DrawRRect,LIGHTEN,ALPHA_MASK,unsupported.recording.core_primitive_mixed_uniform_layouts,cpu-oracle,split-uniform64-160,high,medium,6
4,DrawRRect,COLOR_DODGE,ALPHA_MASK,unsupported.recording.core_primitive_mixed_uniform_layouts,cpu-oracle,split-uniform64-160,high,medium,6
4,DrawRRect,COLOR_BURN,ALPHA_MASK,unsupported.recording.core_primitive_mixed_uniform_layouts,cpu-oracle,split-uniform64-160,high,medium,6
4,DrawRRect,HARD_LIGHT,ALPHA_MASK,unsupported.recording.core_primitive_mixed_uniform_layouts,cpu-oracle,split-uniform64-160,high,medium,6
4,DrawRRect,SOFT_LIGHT,ALPHA_MASK,unsupported.recording.core_primitive_mixed_uniform_layouts,cpu-oracle,split-uniform64-160,high,medium,6
4,DrawRRect,DIFFERENCE,ALPHA_MASK,unsupported.recording.core_primitive_mixed_uniform_layouts,cpu-oracle,split-uniform64-160,high,medium,6
4,DrawRRect,EXCLUSION,ALPHA_MASK,unsupported.recording.core_primitive_mixed_uniform_layouts,cpu-oracle,split-uniform64-160,high,medium,6
4,DrawRRect,HUE,ALPHA_MASK,unsupported.recording.core_primitive_mixed_uniform_layouts,cpu-oracle,split-uniform64-160,high,medium,6
4,DrawRRect,SATURATION,ALPHA_MASK,unsupported.recording.core_primitive_mixed_uniform_layouts,cpu-oracle,split-uniform64-160,high,medium,6
4,DrawRRect,COLOR,ALPHA_MASK,unsupported.recording.core_primitive_mixed_uniform_layouts,cpu-oracle,split-uniform64-160,high,medium,6
4,DrawRRect,LUMINOSITY,ALPHA_MASK,unsupported.recording.core_primitive_mixed_uniform_layouts,cpu-oracle,split-uniform64-160,high,medium,6
4,DrawRect,CLEAR,ALPHA_MASK,unsupported.recording.core_primitive_mixed_uniform_layouts,cpu-oracle,split-uniform64-160,high,medium,6
4,DrawRect,SRC,ALPHA_MASK,unsupported.recording.core_primitive_mixed_uniform_layouts,cpu-oracle,split-uniform64-160,high,medium,6
4,DrawRect,SRC_OVER,ALPHA_MASK,unsupported.recording.core_primitive_mixed_uniform_layouts,cpu-oracle,split-uniform64-160,high,medium,6
4,DrawRect,DST_OVER,ALPHA_MASK,unsupported.recording.core_primitive_mixed_uniform_layouts,cpu-oracle,split-uniform64-160,high,medium,6
4,DrawRect,SRC_IN,ALPHA_MASK,unsupported.recording.core_primitive_mixed_uniform_layouts,cpu-oracle,split-uniform64-160,high,medium,6
4,DrawRect,DST_IN,ALPHA_MASK,unsupported.recording.core_primitive_mixed_uniform_layouts,cpu-oracle,split-uniform64-160,high,medium,6
4,DrawRect,SRC_OUT,ALPHA_MASK,unsupported.recording.core_primitive_mixed_uniform_layouts,cpu-oracle,split-uniform64-160,high,medium,6
4,DrawRect,DST_OUT,ALPHA_MASK,unsupported.recording.core_primitive_mixed_uniform_layouts,cpu-oracle,split-uniform64-160,high,medium,6
4,DrawRect,SRC_ATOP,ALPHA_MASK,unsupported.recording.core_primitive_mixed_uniform_layouts,cpu-oracle,split-uniform64-160,high,medium,6
4,DrawRect,DST_ATOP,ALPHA_MASK,unsupported.recording.core_primitive_mixed_uniform_layouts,cpu-oracle,split-uniform64-160,high,medium,6
4,DrawRect,XOR,ALPHA_MASK,unsupported.recording.core_primitive_mixed_uniform_layouts,cpu-oracle,split-uniform64-160,high,medium,6
4,DrawRect,PLUS,ALPHA_MASK,unsupported.recording.core_primitive_mixed_uniform_layouts,cpu-oracle,split-uniform64-160,high,medium,6
4,DrawRect,MODULATE,ALPHA_MASK,unsupported.recording.core_primitive_mixed_uniform_layouts,cpu-oracle,split-uniform64-160,high,medium,6
4,DrawRect,MULTIPLY,ALPHA_MASK,unsupported.recording.core_primitive_mixed_uniform_layouts,cpu-oracle,split-uniform64-160,high,medium,6
4,DrawRect,SCREEN,ALPHA_MASK,unsupported.recording.core_primitive_mixed_uniform_layouts,cpu-oracle,split-uniform64-160,high,medium,6
4,DrawRect,OVERLAY,ALPHA_MASK,unsupported.recording.core_primitive_mixed_uniform_layouts,cpu-oracle,split-uniform64-160,high,medium,6
4,DrawRect,DARKEN,ALPHA_MASK,unsupported.recording.core_primitive_mixed_uniform_layouts,cpu-oracle,split-uniform64-160,high,medium,6
4,DrawRect,LIGHTEN,ALPHA_MASK,unsupported.recording.core_primitive_mixed_uniform_layouts,cpu-oracle,split-uniform64-160,high,medium,6
4,DrawRect,COLOR_DODGE,ALPHA_MASK,unsupported.recording.core_primitive_mixed_uniform_layouts,cpu-oracle,split-uniform64-160,high,medium,6
4,DrawRect,COLOR_BURN,ALPHA_MASK,unsupported.recording.core_primitive_mixed_uniform_layouts,cpu-oracle,split-uniform64-160,high,medium,6
4,DrawRect,HARD_LIGHT,ALPHA_MASK,unsupported.recording.core_primitive_mixed_uniform_layouts,cpu-oracle,split-uniform64-160,high,medium,6
4,DrawRect,SOFT_LIGHT,ALPHA_MASK,unsupported.recording.core_primitive_mixed_uniform_layouts,cpu-oracle,split-uniform64-160,high,medium,6
4,DrawRect,DIFFERENCE,ALPHA_MASK,unsupported.recording.core_primitive_mixed_uniform_layouts,cpu-oracle,split-uniform64-160,high,medium,6
4,DrawRect,EXCLUSION,ALPHA_MASK,unsupported.recording.core_primitive_mixed_uniform_layouts,cpu-oracle,split-uniform64-160,high,medium,6
4,DrawRect,HUE,ALPHA_MASK,unsupported.recording.core_primitive_mixed_uniform_layouts,cpu-oracle,split-uniform64-160,high,medium,6
4,DrawRect,SATURATION,ALPHA_MASK,unsupported.recording.core_primitive_mixed_uniform_layouts,cpu-oracle,split-uniform64-160,high,medium,6
4,DrawRect,COLOR,ALPHA_MASK,unsupported.recording.core_primitive_mixed_uniform_layouts,cpu-oracle,split-uniform64-160,high,medium,6
4,DrawRect,LUMINOSITY,ALPHA_MASK,unsupported.recording.core_primitive_mixed_uniform_layouts,cpu-oracle,split-uniform64-160,high,medium,6
4,DrawColor,CLEAR,ALPHA_MASK,unsupported.recording.core_primitive_mixed_uniform_layouts,cpu-oracle,split-uniform64-160,high,medium,6
4,DrawColor,SRC,ALPHA_MASK,unsupported.recording.core_primitive_mixed_uniform_layouts,cpu-oracle,split-uniform64-160,high,medium,6
4,DrawColor,SRC_OVER,ALPHA_MASK,unsupported.recording.core_primitive_mixed_uniform_layouts,cpu-oracle,split-uniform64-160,high,medium,6
4,DrawColor,DST_OVER,ALPHA_MASK,unsupported.recording.core_primitive_mixed_uniform_layouts,cpu-oracle,split-uniform64-160,high,medium,6
4,DrawColor,SRC_IN,ALPHA_MASK,unsupported.recording.core_primitive_mixed_uniform_layouts,cpu-oracle,split-uniform64-160,high,medium,6
4,DrawColor,DST_IN,ALPHA_MASK,unsupported.recording.core_primitive_mixed_uniform_layouts,cpu-oracle,split-uniform64-160,high,medium,6
4,DrawColor,SRC_OUT,ALPHA_MASK,unsupported.recording.core_primitive_mixed_uniform_layouts,cpu-oracle,split-uniform64-160,high,medium,6
4,DrawColor,DST_OUT,ALPHA_MASK,unsupported.recording.core_primitive_mixed_uniform_layouts,cpu-oracle,split-uniform64-160,high,medium,6
4,DrawColor,SRC_ATOP,ALPHA_MASK,unsupported.recording.core_primitive_mixed_uniform_layouts,cpu-oracle,split-uniform64-160,high,medium,6
4,DrawColor,DST_ATOP,ALPHA_MASK,unsupported.recording.core_primitive_mixed_uniform_layouts,cpu-oracle,split-uniform64-160,high,medium,6
4,DrawColor,XOR,ALPHA_MASK,unsupported.recording.core_primitive_mixed_uniform_layouts,cpu-oracle,split-uniform64-160,high,medium,6
4,DrawColor,PLUS,ALPHA_MASK,unsupported.recording.core_primitive_mixed_uniform_layouts,cpu-oracle,split-uniform64-160,high,medium,6
4,DrawColor,MODULATE,ALPHA_MASK,unsupported.recording.core_primitive_mixed_uniform_layouts,cpu-oracle,split-uniform64-160,high,medium,6
4,DrawColor,MULTIPLY,ALPHA_MASK,unsupported.recording.core_primitive_mixed_uniform_layouts,cpu-oracle,split-uniform64-160,high,medium,6
4,DrawColor,SCREEN,ALPHA_MASK,unsupported.recording.core_primitive_mixed_uniform_layouts,cpu-oracle,split-uniform64-160,high,medium,6
4,DrawColor,OVERLAY,ALPHA_MASK,unsupported.recording.core_primitive_mixed_uniform_layouts,cpu-oracle,split-uniform64-160,high,medium,6
4,DrawColor,DARKEN,ALPHA_MASK,unsupported.recording.core_primitive_mixed_uniform_layouts,cpu-oracle,split-uniform64-160,high,medium,6
4,DrawColor,LIGHTEN,ALPHA_MASK,unsupported.recording.core_primitive_mixed_uniform_layouts,cpu-oracle,split-uniform64-160,high,medium,6
4,DrawColor,COLOR_DODGE,ALPHA_MASK,unsupported.recording.core_primitive_mixed_uniform_layouts,cpu-oracle,split-uniform64-160,high,medium,6
4,DrawColor,COLOR_BURN,ALPHA_MASK,unsupported.recording.core_primitive_mixed_uniform_layouts,cpu-oracle,split-uniform64-160,high,medium,6
4,DrawColor,HARD_LIGHT,ALPHA_MASK,unsupported.recording.core_primitive_mixed_uniform_layouts,cpu-oracle,split-uniform64-160,high,medium,6
4,DrawColor,SOFT_LIGHT,ALPHA_MASK,unsupported.recording.core_primitive_mixed_uniform_layouts,cpu-oracle,split-uniform64-160,high,medium,6
4,DrawColor,DIFFERENCE,ALPHA_MASK,unsupported.recording.core_primitive_mixed_uniform_layouts,cpu-oracle,split-uniform64-160,high,medium,6
4,DrawColor,EXCLUSION,ALPHA_MASK,unsupported.recording.core_primitive_mixed_uniform_layouts,cpu-oracle,split-uniform64-160,high,medium,6
4,DrawColor,HUE,ALPHA_MASK,unsupported.recording.core_primitive_mixed_uniform_layouts,cpu-oracle,split-uniform64-160,high,medium,6
4,DrawColor,SATURATION,ALPHA_MASK,unsupported.recording.core_primitive_mixed_uniform_layouts,cpu-oracle,split-uniform64-160,high,medium,6
4,DrawColor,COLOR,ALPHA_MASK,unsupported.recording.core_primitive_mixed_uniform_layouts,cpu-oracle,split-uniform64-160,high,medium,6
4,DrawColor,LUMINOSITY,ALPHA_MASK,unsupported.recording.core_primitive_mixed_uniform_layouts,cpu-oracle,split-uniform64-160,high,medium,6
4,DrawPath,CLEAR,ALPHA_MASK,unsupported.recording.core_primitive_mixed_uniform_layouts,cpu-oracle,split-uniform64-160,high,medium,6
4,DrawPath,SRC,ALPHA_MASK,unsupported.recording.core_primitive_mixed_uniform_layouts,cpu-oracle,split-uniform64-160,high,medium,6
4,DrawPath,DST,ALPHA_MASK,unsupported.recording.core_primitive_mixed_uniform_layouts,cpu-oracle,split-uniform64-160,high,medium,6
4,DrawPath,SRC_OVER,ALPHA_MASK,unsupported.recording.core_primitive_mixed_uniform_layouts,cpu-oracle,split-uniform64-160,high,medium,6
4,DrawPath,DST_OVER,ALPHA_MASK,unsupported.recording.core_primitive_mixed_uniform_layouts,cpu-oracle,split-uniform64-160,high,medium,6
4,DrawPath,SRC_IN,ALPHA_MASK,unsupported.recording.core_primitive_mixed_uniform_layouts,cpu-oracle,split-uniform64-160,high,medium,6
4,DrawPath,DST_IN,ALPHA_MASK,unsupported.recording.core_primitive_mixed_uniform_layouts,cpu-oracle,split-uniform64-160,high,medium,6
4,DrawPath,SRC_OUT,ALPHA_MASK,unsupported.recording.core_primitive_mixed_uniform_layouts,cpu-oracle,split-uniform64-160,high,medium,6
4,DrawPath,DST_OUT,ALPHA_MASK,unsupported.recording.core_primitive_mixed_uniform_layouts,cpu-oracle,split-uniform64-160,high,medium,6
4,DrawPath,SRC_ATOP,ALPHA_MASK,unsupported.recording.core_primitive_mixed_uniform_layouts,cpu-oracle,split-uniform64-160,high,medium,6
4,DrawPath,DST_ATOP,ALPHA_MASK,unsupported.recording.core_primitive_mixed_uniform_layouts,cpu-oracle,split-uniform64-160,high,medium,6
4,DrawPath,XOR,ALPHA_MASK,unsupported.recording.core_primitive_mixed_uniform_layouts,cpu-oracle,split-uniform64-160,high,medium,6
4,DrawPath,PLUS,ALPHA_MASK,unsupported.recording.core_primitive_mixed_uniform_layouts,cpu-oracle,split-uniform64-160,high,medium,6
4,DrawPath,MODULATE,ALPHA_MASK,unsupported.recording.core_primitive_mixed_uniform_layouts,cpu-oracle,split-uniform64-160,high,medium,6
4,DrawPath,MULTIPLY,ALPHA_MASK,unsupported.recording.core_primitive_mixed_uniform_layouts,cpu-oracle,split-uniform64-160,high,medium,6
4,DrawPath,SCREEN,ALPHA_MASK,unsupported.recording.core_primitive_mixed_uniform_layouts,cpu-oracle,split-uniform64-160,high,medium,6
4,DrawPath,OVERLAY,ALPHA_MASK,unsupported.recording.core_primitive_mixed_uniform_layouts,cpu-oracle,split-uniform64-160,high,medium,6
4,DrawPath,DARKEN,ALPHA_MASK,unsupported.recording.core_primitive_mixed_uniform_layouts,cpu-oracle,split-uniform64-160,high,medium,6
4,DrawPath,LIGHTEN,ALPHA_MASK,unsupported.recording.core_primitive_mixed_uniform_layouts,cpu-oracle,split-uniform64-160,high,medium,6
4,DrawPath,COLOR_DODGE,ALPHA_MASK,unsupported.recording.core_primitive_mixed_uniform_layouts,cpu-oracle,split-uniform64-160,high,medium,6
4,DrawPath,COLOR_BURN,ALPHA_MASK,unsupported.recording.core_primitive_mixed_uniform_layouts,cpu-oracle,split-uniform64-160,high,medium,6
4,DrawPath,HARD_LIGHT,ALPHA_MASK,unsupported.recording.core_primitive_mixed_uniform_layouts,cpu-oracle,split-uniform64-160,high,medium,6
4,DrawPath,SOFT_LIGHT,ALPHA_MASK,unsupported.recording.core_primitive_mixed_uniform_layouts,cpu-oracle,split-uniform64-160,high,medium,6
4,DrawPath,DIFFERENCE,ALPHA_MASK,unsupported.recording.core_primitive_mixed_uniform_layouts,cpu-oracle,split-uniform64-160,high,medium,6
4,DrawPath,EXCLUSION,ALPHA_MASK,unsupported.recording.core_primitive_mixed_uniform_layouts,cpu-oracle,split-uniform64-160,high,medium,6
4,DrawPath,HUE,ALPHA_MASK,unsupported.recording.core_primitive_mixed_uniform_layouts,cpu-oracle,split-uniform64-160,high,medium,6
4,DrawPath,SATURATION,ALPHA_MASK,unsupported.recording.core_primitive_mixed_uniform_layouts,cpu-oracle,split-uniform64-160,high,medium,6
4,DrawPath,COLOR,ALPHA_MASK,unsupported.recording.core_primitive_mixed_uniform_layouts,cpu-oracle,split-uniform64-160,high,medium,6
4,DrawPath,LUMINOSITY,ALPHA_MASK,unsupported.recording.core_primitive_mixed_uniform_layouts,cpu-oracle,split-uniform64-160,high,medium,6
4,DrawDRRect,CLEAR,ALPHA_MASK,unsupported.recording.core_primitive_mixed_uniform_layouts,cpu-oracle,split-uniform64-160,high,medium,6
4,DrawDRRect,SRC,ALPHA_MASK,unsupported.recording.core_primitive_mixed_uniform_layouts,cpu-oracle,split-uniform64-160,high,medium,6
4,DrawDRRect,DST,ALPHA_MASK,unsupported.recording.core_primitive_mixed_uniform_layouts,cpu-oracle,split-uniform64-160,high,medium,6
4,DrawDRRect,SRC_OVER,ALPHA_MASK,unsupported.recording.core_primitive_mixed_uniform_layouts,cpu-oracle,split-uniform64-160,high,medium,6
4,DrawDRRect,DST_OVER,ALPHA_MASK,unsupported.recording.core_primitive_mixed_uniform_layouts,cpu-oracle,split-uniform64-160,high,medium,6
4,DrawDRRect,SRC_IN,ALPHA_MASK,unsupported.recording.core_primitive_mixed_uniform_layouts,cpu-oracle,split-uniform64-160,high,medium,6
4,DrawDRRect,DST_IN,ALPHA_MASK,unsupported.recording.core_primitive_mixed_uniform_layouts,cpu-oracle,split-uniform64-160,high,medium,6
4,DrawDRRect,SRC_OUT,ALPHA_MASK,unsupported.recording.core_primitive_mixed_uniform_layouts,cpu-oracle,split-uniform64-160,high,medium,6
4,DrawDRRect,DST_OUT,ALPHA_MASK,unsupported.recording.core_primitive_mixed_uniform_layouts,cpu-oracle,split-uniform64-160,high,medium,6
4,DrawDRRect,SRC_ATOP,ALPHA_MASK,unsupported.recording.core_primitive_mixed_uniform_layouts,cpu-oracle,split-uniform64-160,high,medium,6
4,DrawDRRect,DST_ATOP,ALPHA_MASK,unsupported.recording.core_primitive_mixed_uniform_layouts,cpu-oracle,split-uniform64-160,high,medium,6
4,DrawDRRect,XOR,ALPHA_MASK,unsupported.recording.core_primitive_mixed_uniform_layouts,cpu-oracle,split-uniform64-160,high,medium,6
4,DrawDRRect,PLUS,ALPHA_MASK,unsupported.recording.core_primitive_mixed_uniform_layouts,cpu-oracle,split-uniform64-160,high,medium,6
4,DrawDRRect,MODULATE,ALPHA_MASK,unsupported.recording.core_primitive_mixed_uniform_layouts,cpu-oracle,split-uniform64-160,high,medium,6
4,DrawDRRect,MULTIPLY,ALPHA_MASK,unsupported.recording.core_primitive_mixed_uniform_layouts,cpu-oracle,split-uniform64-160,high,medium,6
4,DrawDRRect,SCREEN,ALPHA_MASK,unsupported.recording.core_primitive_mixed_uniform_layouts,cpu-oracle,split-uniform64-160,high,medium,6
4,DrawDRRect,OVERLAY,ALPHA_MASK,unsupported.recording.core_primitive_mixed_uniform_layouts,cpu-oracle,split-uniform64-160,high,medium,6
4,DrawDRRect,DARKEN,ALPHA_MASK,unsupported.recording.core_primitive_mixed_uniform_layouts,cpu-oracle,split-uniform64-160,high,medium,6
4,DrawDRRect,LIGHTEN,ALPHA_MASK,unsupported.recording.core_primitive_mixed_uniform_layouts,cpu-oracle,split-uniform64-160,high,medium,6
4,DrawDRRect,COLOR_DODGE,ALPHA_MASK,unsupported.recording.core_primitive_mixed_uniform_layouts,cpu-oracle,split-uniform64-160,high,medium,6
4,DrawDRRect,COLOR_BURN,ALPHA_MASK,unsupported.recording.core_primitive_mixed_uniform_layouts,cpu-oracle,split-uniform64-160,high,medium,6
4,DrawDRRect,HARD_LIGHT,ALPHA_MASK,unsupported.recording.core_primitive_mixed_uniform_layouts,cpu-oracle,split-uniform64-160,high,medium,6
4,DrawDRRect,SOFT_LIGHT,ALPHA_MASK,unsupported.recording.core_primitive_mixed_uniform_layouts,cpu-oracle,split-uniform64-160,high,medium,6
4,DrawDRRect,DIFFERENCE,ALPHA_MASK,unsupported.recording.core_primitive_mixed_uniform_layouts,cpu-oracle,split-uniform64-160,high,medium,6
4,DrawDRRect,EXCLUSION,ALPHA_MASK,unsupported.recording.core_primitive_mixed_uniform_layouts,cpu-oracle,split-uniform64-160,high,medium,6
4,DrawDRRect,HUE,ALPHA_MASK,unsupported.recording.core_primitive_mixed_uniform_layouts,cpu-oracle,split-uniform64-160,high,medium,6
4,DrawDRRect,SATURATION,ALPHA_MASK,unsupported.recording.core_primitive_mixed_uniform_layouts,cpu-oracle,split-uniform64-160,high,medium,6
4,DrawDRRect,COLOR,ALPHA_MASK,unsupported.recording.core_primitive_mixed_uniform_layouts,cpu-oracle,split-uniform64-160,high,medium,6
4,DrawDRRect,LUMINOSITY,ALPHA_MASK,unsupported.recording.core_primitive_mixed_uniform_layouts,cpu-oracle,split-uniform64-160,high,medium,6
4,DrawPoint,PLUS,UNCLIPPED,invalid.preflight.core_primitive_direct_geometry_resources,cpu-oracle,split-uniform64-160,high,medium,6
4,DrawPoint,MULTIPLY,UNCLIPPED,invalid.preflight.core_primitive_direct_geometry_resources,cpu-oracle,split-uniform64-160,high,medium,6
4,DrawPoint,OVERLAY,UNCLIPPED,invalid.preflight.core_primitive_direct_geometry_resources,cpu-oracle,split-uniform64-160,high,medium,6
4,DrawPoint,DARKEN,UNCLIPPED,invalid.preflight.core_primitive_direct_geometry_resources,cpu-oracle,split-uniform64-160,high,medium,6
4,DrawPoint,LIGHTEN,UNCLIPPED,invalid.preflight.core_primitive_direct_geometry_resources,cpu-oracle,split-uniform64-160,high,medium,6
4,DrawPoint,COLOR_DODGE,UNCLIPPED,invalid.preflight.core_primitive_direct_geometry_resources,cpu-oracle,split-uniform64-160,high,medium,6
4,DrawPoint,COLOR_BURN,UNCLIPPED,invalid.preflight.core_primitive_direct_geometry_resources,cpu-oracle,split-uniform64-160,high,medium,6
4,DrawPoint,HARD_LIGHT,UNCLIPPED,invalid.preflight.core_primitive_direct_geometry_resources,cpu-oracle,split-uniform64-160,high,medium,6
4,DrawPoint,SOFT_LIGHT,UNCLIPPED,invalid.preflight.core_primitive_direct_geometry_resources,cpu-oracle,split-uniform64-160,high,medium,6
4,DrawPoint,DIFFERENCE,UNCLIPPED,invalid.preflight.core_primitive_direct_geometry_resources,cpu-oracle,split-uniform64-160,high,medium,6
4,DrawPoint,EXCLUSION,UNCLIPPED,invalid.preflight.core_primitive_direct_geometry_resources,cpu-oracle,split-uniform64-160,high,medium,6
4,DrawPoint,HUE,UNCLIPPED,invalid.preflight.core_primitive_direct_geometry_resources,cpu-oracle,split-uniform64-160,high,medium,6
4,DrawPoint,SATURATION,UNCLIPPED,invalid.preflight.core_primitive_direct_geometry_resources,cpu-oracle,split-uniform64-160,high,medium,6
4,DrawPoint,COLOR,UNCLIPPED,invalid.preflight.core_primitive_direct_geometry_resources,cpu-oracle,split-uniform64-160,high,medium,6
4,DrawPoint,LUMINOSITY,UNCLIPPED,invalid.preflight.core_primitive_direct_geometry_resources,cpu-oracle,split-uniform64-160,high,medium,6
4,DrawPoint,PLUS,SCISSOR,invalid.preflight.core_primitive_direct_geometry_resources,cpu-oracle,split-uniform64-160,high,medium,6
4,DrawPoint,MULTIPLY,SCISSOR,invalid.preflight.core_primitive_direct_geometry_resources,cpu-oracle,split-uniform64-160,high,medium,6
4,DrawPoint,OVERLAY,SCISSOR,invalid.preflight.core_primitive_direct_geometry_resources,cpu-oracle,split-uniform64-160,high,medium,6
4,DrawPoint,DARKEN,SCISSOR,invalid.preflight.core_primitive_direct_geometry_resources,cpu-oracle,split-uniform64-160,high,medium,6
4,DrawPoint,LIGHTEN,SCISSOR,invalid.preflight.core_primitive_direct_geometry_resources,cpu-oracle,split-uniform64-160,high,medium,6
4,DrawPoint,COLOR_DODGE,SCISSOR,invalid.preflight.core_primitive_direct_geometry_resources,cpu-oracle,split-uniform64-160,high,medium,6
4,DrawPoint,COLOR_BURN,SCISSOR,invalid.preflight.core_primitive_direct_geometry_resources,cpu-oracle,split-uniform64-160,high,medium,6
4,DrawPoint,HARD_LIGHT,SCISSOR,invalid.preflight.core_primitive_direct_geometry_resources,cpu-oracle,split-uniform64-160,high,medium,6
4,DrawPoint,SOFT_LIGHT,SCISSOR,invalid.preflight.core_primitive_direct_geometry_resources,cpu-oracle,split-uniform64-160,high,medium,6
4,DrawPoint,DIFFERENCE,SCISSOR,invalid.preflight.core_primitive_direct_geometry_resources,cpu-oracle,split-uniform64-160,high,medium,6
4,DrawPoint,EXCLUSION,SCISSOR,invalid.preflight.core_primitive_direct_geometry_resources,cpu-oracle,split-uniform64-160,high,medium,6
4,DrawPoint,HUE,SCISSOR,invalid.preflight.core_primitive_direct_geometry_resources,cpu-oracle,split-uniform64-160,high,medium,6
4,DrawPoint,SATURATION,SCISSOR,invalid.preflight.core_primitive_direct_geometry_resources,cpu-oracle,split-uniform64-160,high,medium,6
4,DrawPoint,COLOR,SCISSOR,invalid.preflight.core_primitive_direct_geometry_resources,cpu-oracle,split-uniform64-160,high,medium,6
4,DrawPoint,LUMINOSITY,SCISSOR,invalid.preflight.core_primitive_direct_geometry_resources,cpu-oracle,split-uniform64-160,high,medium,6
4,DrawPoint,CLEAR,ALPHA_MASK,unsupported.recording.core_primitive_mixed_uniform_layouts,cpu-oracle,split-uniform64-160,high,medium,6
4,DrawPoint,SRC,ALPHA_MASK,unsupported.recording.core_primitive_mixed_uniform_layouts,cpu-oracle,split-uniform64-160,high,medium,6
4,DrawPoint,SRC_OVER,ALPHA_MASK,unsupported.recording.core_primitive_mixed_uniform_layouts,cpu-oracle,split-uniform64-160,high,medium,6
4,DrawPoint,DST_OVER,ALPHA_MASK,unsupported.recording.core_primitive_mixed_uniform_layouts,cpu-oracle,split-uniform64-160,high,medium,6
4,DrawPoint,SRC_IN,ALPHA_MASK,unsupported.recording.core_primitive_mixed_uniform_layouts,cpu-oracle,split-uniform64-160,high,medium,6
4,DrawPoint,DST_IN,ALPHA_MASK,unsupported.recording.core_primitive_mixed_uniform_layouts,cpu-oracle,split-uniform64-160,high,medium,6
4,DrawPoint,SRC_OUT,ALPHA_MASK,unsupported.recording.core_primitive_mixed_uniform_layouts,cpu-oracle,split-uniform64-160,high,medium,6
4,DrawPoint,DST_OUT,ALPHA_MASK,unsupported.recording.core_primitive_mixed_uniform_layouts,cpu-oracle,split-uniform64-160,high,medium,6
4,DrawPoint,SRC_ATOP,ALPHA_MASK,unsupported.recording.core_primitive_mixed_uniform_layouts,cpu-oracle,split-uniform64-160,high,medium,6
4,DrawPoint,DST_ATOP,ALPHA_MASK,unsupported.recording.core_primitive_mixed_uniform_layouts,cpu-oracle,split-uniform64-160,high,medium,6
4,DrawPoint,XOR,ALPHA_MASK,unsupported.recording.core_primitive_mixed_uniform_layouts,cpu-oracle,split-uniform64-160,high,medium,6
4,DrawPoint,PLUS,ALPHA_MASK,unsupported.recording.core_primitive_mixed_uniform_layouts,cpu-oracle,split-uniform64-160,high,medium,6
4,DrawPoint,MODULATE,ALPHA_MASK,unsupported.recording.core_primitive_mixed_uniform_layouts,cpu-oracle,split-uniform64-160,high,medium,6
4,DrawPoint,MULTIPLY,ALPHA_MASK,unsupported.recording.core_primitive_mixed_uniform_layouts,cpu-oracle,split-uniform64-160,high,medium,6
4,DrawPoint,SCREEN,ALPHA_MASK,unsupported.recording.core_primitive_mixed_uniform_layouts,cpu-oracle,split-uniform64-160,high,medium,6
4,DrawPoint,OVERLAY,ALPHA_MASK,unsupported.recording.core_primitive_mixed_uniform_layouts,cpu-oracle,split-uniform64-160,high,medium,6
4,DrawPoint,DARKEN,ALPHA_MASK,unsupported.recording.core_primitive_mixed_uniform_layouts,cpu-oracle,split-uniform64-160,high,medium,6
4,DrawPoint,LIGHTEN,ALPHA_MASK,unsupported.recording.core_primitive_mixed_uniform_layouts,cpu-oracle,split-uniform64-160,high,medium,6
4,DrawPoint,COLOR_DODGE,ALPHA_MASK,unsupported.recording.core_primitive_mixed_uniform_layouts,cpu-oracle,split-uniform64-160,high,medium,6
4,DrawPoint,COLOR_BURN,ALPHA_MASK,unsupported.recording.core_primitive_mixed_uniform_layouts,cpu-oracle,split-uniform64-160,high,medium,6
4,DrawPoint,HARD_LIGHT,ALPHA_MASK,unsupported.recording.core_primitive_mixed_uniform_layouts,cpu-oracle,split-uniform64-160,high,medium,6
4,DrawPoint,SOFT_LIGHT,ALPHA_MASK,unsupported.recording.core_primitive_mixed_uniform_layouts,cpu-oracle,split-uniform64-160,high,medium,6
4,DrawPoint,DIFFERENCE,ALPHA_MASK,unsupported.recording.core_primitive_mixed_uniform_layouts,cpu-oracle,split-uniform64-160,high,medium,6
4,DrawPoint,EXCLUSION,ALPHA_MASK,unsupported.recording.core_primitive_mixed_uniform_layouts,cpu-oracle,split-uniform64-160,high,medium,6
4,DrawPoint,HUE,ALPHA_MASK,unsupported.recording.core_primitive_mixed_uniform_layouts,cpu-oracle,split-uniform64-160,high,medium,6
4,DrawPoint,SATURATION,ALPHA_MASK,unsupported.recording.core_primitive_mixed_uniform_layouts,cpu-oracle,split-uniform64-160,high,medium,6
4,DrawPoint,COLOR,ALPHA_MASK,unsupported.recording.core_primitive_mixed_uniform_layouts,cpu-oracle,split-uniform64-160,high,medium,6
4,DrawPoint,LUMINOSITY,ALPHA_MASK,unsupported.recording.core_primitive_mixed_uniform_layouts,cpu-oracle,split-uniform64-160,high,medium,6
4,DrawPoints,CLEAR,ALPHA_MASK,unsupported.recording.core_primitive_mixed_uniform_layouts,cpu-oracle,split-uniform64-160,high,medium,6
4,DrawPoints,SRC,ALPHA_MASK,unsupported.recording.core_primitive_mixed_uniform_layouts,cpu-oracle,split-uniform64-160,high,medium,6
4,DrawPoints,SRC_OVER,ALPHA_MASK,unsupported.recording.core_primitive_mixed_uniform_layouts,cpu-oracle,split-uniform64-160,high,medium,6
4,DrawPoints,DST_OVER,ALPHA_MASK,unsupported.recording.core_primitive_mixed_uniform_layouts,cpu-oracle,split-uniform64-160,high,medium,6
4,DrawPoints,SRC_IN,ALPHA_MASK,unsupported.recording.core_primitive_mixed_uniform_layouts,cpu-oracle,split-uniform64-160,high,medium,6
4,DrawPoints,DST_IN,ALPHA_MASK,unsupported.recording.core_primitive_mixed_uniform_layouts,cpu-oracle,split-uniform64-160,high,medium,6
4,DrawPoints,SRC_OUT,ALPHA_MASK,unsupported.recording.core_primitive_mixed_uniform_layouts,cpu-oracle,split-uniform64-160,high,medium,6
4,DrawPoints,DST_OUT,ALPHA_MASK,unsupported.recording.core_primitive_mixed_uniform_layouts,cpu-oracle,split-uniform64-160,high,medium,6
4,DrawPoints,SRC_ATOP,ALPHA_MASK,unsupported.recording.core_primitive_mixed_uniform_layouts,cpu-oracle,split-uniform64-160,high,medium,6
4,DrawPoints,DST_ATOP,ALPHA_MASK,unsupported.recording.core_primitive_mixed_uniform_layouts,cpu-oracle,split-uniform64-160,high,medium,6
4,DrawPoints,XOR,ALPHA_MASK,unsupported.recording.core_primitive_mixed_uniform_layouts,cpu-oracle,split-uniform64-160,high,medium,6
4,DrawPoints,PLUS,ALPHA_MASK,unsupported.recording.core_primitive_mixed_uniform_layouts,cpu-oracle,split-uniform64-160,high,medium,6
4,DrawPoints,MODULATE,ALPHA_MASK,unsupported.recording.core_primitive_mixed_uniform_layouts,cpu-oracle,split-uniform64-160,high,medium,6
4,DrawPoints,MULTIPLY,ALPHA_MASK,unsupported.recording.core_primitive_mixed_uniform_layouts,cpu-oracle,split-uniform64-160,high,medium,6
4,DrawPoints,SCREEN,ALPHA_MASK,unsupported.recording.core_primitive_mixed_uniform_layouts,cpu-oracle,split-uniform64-160,high,medium,6
4,DrawPoints,OVERLAY,ALPHA_MASK,unsupported.recording.core_primitive_mixed_uniform_layouts,cpu-oracle,split-uniform64-160,high,medium,6
4,DrawPoints,DARKEN,ALPHA_MASK,unsupported.recording.core_primitive_mixed_uniform_layouts,cpu-oracle,split-uniform64-160,high,medium,6
4,DrawPoints,LIGHTEN,ALPHA_MASK,unsupported.recording.core_primitive_mixed_uniform_layouts,cpu-oracle,split-uniform64-160,high,medium,6
4,DrawPoints,COLOR_DODGE,ALPHA_MASK,unsupported.recording.core_primitive_mixed_uniform_layouts,cpu-oracle,split-uniform64-160,high,medium,6
4,DrawPoints,COLOR_BURN,ALPHA_MASK,unsupported.recording.core_primitive_mixed_uniform_layouts,cpu-oracle,split-uniform64-160,high,medium,6
4,DrawPoints,HARD_LIGHT,ALPHA_MASK,unsupported.recording.core_primitive_mixed_uniform_layouts,cpu-oracle,split-uniform64-160,high,medium,6
4,DrawPoints,SOFT_LIGHT,ALPHA_MASK,unsupported.recording.core_primitive_mixed_uniform_layouts,cpu-oracle,split-uniform64-160,high,medium,6
4,DrawPoints,DIFFERENCE,ALPHA_MASK,unsupported.recording.core_primitive_mixed_uniform_layouts,cpu-oracle,split-uniform64-160,high,medium,6
4,DrawPoints,EXCLUSION,ALPHA_MASK,unsupported.recording.core_primitive_mixed_uniform_layouts,cpu-oracle,split-uniform64-160,high,medium,6
4,DrawPoints,HUE,ALPHA_MASK,unsupported.recording.core_primitive_mixed_uniform_layouts,cpu-oracle,split-uniform64-160,high,medium,6
4,DrawPoints,SATURATION,ALPHA_MASK,unsupported.recording.core_primitive_mixed_uniform_layouts,cpu-oracle,split-uniform64-160,high,medium,6
4,DrawPoints,COLOR,ALPHA_MASK,unsupported.recording.core_primitive_mixed_uniform_layouts,cpu-oracle,split-uniform64-160,high,medium,6
4,DrawPoints,LUMINOSITY,ALPHA_MASK,unsupported.recording.core_primitive_mixed_uniform_layouts,cpu-oracle,split-uniform64-160,high,medium,6
4,clip:coverage,n/a,ALPHA_MASK,unsupported.recording.core_primitive_mixed_uniform_layouts,cpu-oracle,split-uniform64-160,high,medium,6
4,clip:advanced,MULTIPLY,ALPHA_MASK,unsupported.recording.core_primitive_mixed_uniform_layouts,cpu-oracle,split-uniform64-160,high,medium,6
4,clip:advanced,SCREEN,ALPHA_MASK,unsupported.recording.core_primitive_mixed_uniform_layouts,cpu-oracle,split-uniform64-160,high,medium,6
4,clip:advanced,OVERLAY,ALPHA_MASK,unsupported.recording.core_primitive_mixed_uniform_layouts,cpu-oracle,split-uniform64-160,high,medium,6
4,clip:advanced,DARKEN,ALPHA_MASK,unsupported.recording.core_primitive_mixed_uniform_layouts,cpu-oracle,split-uniform64-160,high,medium,6
4,clip:advanced,LIGHTEN,ALPHA_MASK,unsupported.recording.core_primitive_mixed_uniform_layouts,cpu-oracle,split-uniform64-160,high,medium,6
4,clip:advanced,DIFFERENCE,ALPHA_MASK,unsupported.recording.core_primitive_mixed_uniform_layouts,cpu-oracle,split-uniform64-160,high,medium,6
4,clip:advanced,EXCLUSION,ALPHA_MASK,unsupported.recording.core_primitive_mixed_uniform_layouts,cpu-oracle,split-uniform64-160,high,medium,6
4,clip:advanced,DARKEN(partial-alpha),ALPHA_MASK,unsupported.recording.core_primitive_mixed_uniform_layouts,cpu-oracle,split-uniform64-160,high,medium,6
4,clip:path,n/a,device-rect-clip,unsupported.recording.core_primitive_mixed_uniform_layouts,cpu-oracle,split-uniform64-160,high,medium,6
1,DrawRRect,PLUS,UNCLIPPED,unsupported.native-core-primitive.frame-global-pipeline,cpu-oracle,prepared-dst-read-formula,high,medium,3
1,DrawRRect,MULTIPLY,UNCLIPPED,unsupported.native-core-primitive.frame-global-pipeline,cpu-oracle,prepared-dst-read-formula,high,medium,3
1,DrawRRect,OVERLAY,UNCLIPPED,unsupported.native-core-primitive.frame-global-pipeline,cpu-oracle,prepared-dst-read-formula,high,medium,3
1,DrawRRect,DARKEN,UNCLIPPED,unsupported.native-core-primitive.frame-global-pipeline,cpu-oracle,prepared-dst-read-formula,high,medium,3
1,DrawRRect,LIGHTEN,UNCLIPPED,unsupported.native-core-primitive.frame-global-pipeline,cpu-oracle,prepared-dst-read-formula,high,medium,3
1,DrawRRect,COLOR_DODGE,UNCLIPPED,unsupported.native-core-primitive.frame-global-pipeline,cpu-oracle,prepared-dst-read-formula,high,medium,3
1,DrawRRect,COLOR_BURN,UNCLIPPED,unsupported.native-core-primitive.frame-global-pipeline,cpu-oracle,prepared-dst-read-formula,high,medium,3
1,DrawRRect,HARD_LIGHT,UNCLIPPED,unsupported.native-core-primitive.frame-global-pipeline,cpu-oracle,prepared-dst-read-formula,high,medium,3
1,DrawRRect,SOFT_LIGHT,UNCLIPPED,unsupported.native-core-primitive.frame-global-pipeline,cpu-oracle,prepared-dst-read-formula,high,medium,3
1,DrawRRect,DIFFERENCE,UNCLIPPED,unsupported.native-core-primitive.frame-global-pipeline,cpu-oracle,prepared-dst-read-formula,high,medium,3
1,DrawRRect,EXCLUSION,UNCLIPPED,unsupported.native-core-primitive.frame-global-pipeline,cpu-oracle,prepared-dst-read-formula,high,medium,3
1,DrawRRect,HUE,UNCLIPPED,unsupported.native-core-primitive.frame-global-pipeline,cpu-oracle,prepared-dst-read-formula,high,medium,3
1,DrawRRect,SATURATION,UNCLIPPED,unsupported.native-core-primitive.frame-global-pipeline,cpu-oracle,prepared-dst-read-formula,high,medium,3
1,DrawRRect,COLOR,UNCLIPPED,unsupported.native-core-primitive.frame-global-pipeline,cpu-oracle,prepared-dst-read-formula,high,medium,3
1,DrawRRect,LUMINOSITY,UNCLIPPED,unsupported.native-core-primitive.frame-global-pipeline,cpu-oracle,prepared-dst-read-formula,high,medium,3
1,DrawRRect,PLUS,SCISSOR,unsupported.native-core-primitive.frame-global-pipeline,cpu-oracle,prepared-dst-read-formula,high,medium,3
1,DrawRRect,MULTIPLY,SCISSOR,unsupported.native-core-primitive.frame-global-pipeline,cpu-oracle,prepared-dst-read-formula,high,medium,3
1,DrawRRect,OVERLAY,SCISSOR,unsupported.native-core-primitive.frame-global-pipeline,cpu-oracle,prepared-dst-read-formula,high,medium,3
1,DrawRRect,DARKEN,SCISSOR,unsupported.native-core-primitive.frame-global-pipeline,cpu-oracle,prepared-dst-read-formula,high,medium,3
1,DrawRRect,LIGHTEN,SCISSOR,unsupported.native-core-primitive.frame-global-pipeline,cpu-oracle,prepared-dst-read-formula,high,medium,3
1,DrawRRect,COLOR_DODGE,SCISSOR,unsupported.native-core-primitive.frame-global-pipeline,cpu-oracle,prepared-dst-read-formula,high,medium,3
1,DrawRRect,COLOR_BURN,SCISSOR,unsupported.native-core-primitive.frame-global-pipeline,cpu-oracle,prepared-dst-read-formula,high,medium,3
1,DrawRRect,HARD_LIGHT,SCISSOR,unsupported.native-core-primitive.frame-global-pipeline,cpu-oracle,prepared-dst-read-formula,high,medium,3
1,DrawRRect,SOFT_LIGHT,SCISSOR,unsupported.native-core-primitive.frame-global-pipeline,cpu-oracle,prepared-dst-read-formula,high,medium,3
1,DrawRRect,DIFFERENCE,SCISSOR,unsupported.native-core-primitive.frame-global-pipeline,cpu-oracle,prepared-dst-read-formula,high,medium,3
1,DrawRRect,EXCLUSION,SCISSOR,unsupported.native-core-primitive.frame-global-pipeline,cpu-oracle,prepared-dst-read-formula,high,medium,3
1,DrawRRect,HUE,SCISSOR,unsupported.native-core-primitive.frame-global-pipeline,cpu-oracle,prepared-dst-read-formula,high,medium,3
1,DrawRRect,SATURATION,SCISSOR,unsupported.native-core-primitive.frame-global-pipeline,cpu-oracle,prepared-dst-read-formula,high,medium,3
1,DrawRRect,COLOR,SCISSOR,unsupported.native-core-primitive.frame-global-pipeline,cpu-oracle,prepared-dst-read-formula,high,medium,3
1,DrawRRect,LUMINOSITY,SCISSOR,unsupported.native-core-primitive.frame-global-pipeline,cpu-oracle,prepared-dst-read-formula,high,medium,3
1,clip:coverage,DARKEN,UNCLIPPED,unsupported.native-core-primitive.dst-read-formula,cpu-oracle,prepared-dst-read-formula,high,medium,3
1,clip:coverage,COLOR_DODGE,UNCLIPPED,unsupported.native-core-primitive.dst-read-formula,cpu-oracle,prepared-dst-read-formula,high,medium,3
6,DrawPath,PLUS,UNCLIPPED,unsupported.native-core-primitive.path-destination-read,cpu-oracle,stencil-continuation-path-cover,high,high,8
6,DrawPath,MULTIPLY,UNCLIPPED,unsupported.native-core-primitive.path-destination-read,cpu-oracle,stencil-continuation-path-cover,high,high,8
6,DrawPath,OVERLAY,UNCLIPPED,unsupported.native-core-primitive.path-destination-read,cpu-oracle,stencil-continuation-path-cover,high,high,8
6,DrawPath,DARKEN,UNCLIPPED,unsupported.native-core-primitive.path-destination-read,cpu-oracle,stencil-continuation-path-cover,high,high,8
6,DrawPath,LIGHTEN,UNCLIPPED,unsupported.native-core-primitive.path-destination-read,cpu-oracle,stencil-continuation-path-cover,high,high,8
6,DrawPath,COLOR_DODGE,UNCLIPPED,unsupported.native-core-primitive.path-destination-read,cpu-oracle,stencil-continuation-path-cover,high,high,8
6,DrawPath,COLOR_BURN,UNCLIPPED,unsupported.native-core-primitive.path-destination-read,cpu-oracle,stencil-continuation-path-cover,high,high,8
6,DrawPath,HARD_LIGHT,UNCLIPPED,unsupported.native-core-primitive.path-destination-read,cpu-oracle,stencil-continuation-path-cover,high,high,8
6,DrawPath,SOFT_LIGHT,UNCLIPPED,unsupported.native-core-primitive.path-destination-read,cpu-oracle,stencil-continuation-path-cover,high,high,8
6,DrawPath,DIFFERENCE,UNCLIPPED,unsupported.native-core-primitive.path-destination-read,cpu-oracle,stencil-continuation-path-cover,high,high,8
6,DrawPath,EXCLUSION,UNCLIPPED,unsupported.native-core-primitive.path-destination-read,cpu-oracle,stencil-continuation-path-cover,high,high,8
6,DrawPath,HUE,UNCLIPPED,unsupported.native-core-primitive.path-destination-read,cpu-oracle,stencil-continuation-path-cover,high,high,8
6,DrawPath,SATURATION,UNCLIPPED,unsupported.native-core-primitive.path-destination-read,cpu-oracle,stencil-continuation-path-cover,high,high,8
6,DrawPath,COLOR,UNCLIPPED,unsupported.native-core-primitive.path-destination-read,cpu-oracle,stencil-continuation-path-cover,high,high,8
6,DrawPath,LUMINOSITY,UNCLIPPED,unsupported.native-core-primitive.path-destination-read,cpu-oracle,stencil-continuation-path-cover,high,high,8
6,DrawPath,PLUS,SCISSOR,unsupported.native-core-primitive.path-destination-read,cpu-oracle,stencil-continuation-path-cover,high,high,8
6,DrawPath,MULTIPLY,SCISSOR,unsupported.native-core-primitive.path-destination-read,cpu-oracle,stencil-continuation-path-cover,high,high,8
6,DrawPath,OVERLAY,SCISSOR,unsupported.native-core-primitive.path-destination-read,cpu-oracle,stencil-continuation-path-cover,high,high,8
6,DrawPath,DARKEN,SCISSOR,unsupported.native-core-primitive.path-destination-read,cpu-oracle,stencil-continuation-path-cover,high,high,8
6,DrawPath,LIGHTEN,SCISSOR,unsupported.native-core-primitive.path-destination-read,cpu-oracle,stencil-continuation-path-cover,high,high,8
6,DrawPath,COLOR_DODGE,SCISSOR,unsupported.native-core-primitive.path-destination-read,cpu-oracle,stencil-continuation-path-cover,high,high,8
6,DrawPath,COLOR_BURN,SCISSOR,unsupported.native-core-primitive.path-destination-read,cpu-oracle,stencil-continuation-path-cover,high,high,8
6,DrawPath,HARD_LIGHT,SCISSOR,unsupported.native-core-primitive.path-destination-read,cpu-oracle,stencil-continuation-path-cover,high,high,8
6,DrawPath,SOFT_LIGHT,SCISSOR,unsupported.native-core-primitive.path-destination-read,cpu-oracle,stencil-continuation-path-cover,high,high,8
6,DrawPath,DIFFERENCE,SCISSOR,unsupported.native-core-primitive.path-destination-read,cpu-oracle,stencil-continuation-path-cover,high,high,8
6,DrawPath,EXCLUSION,SCISSOR,unsupported.native-core-primitive.path-destination-read,cpu-oracle,stencil-continuation-path-cover,high,high,8
6,DrawPath,HUE,SCISSOR,unsupported.native-core-primitive.path-destination-read,cpu-oracle,stencil-continuation-path-cover,high,high,8
6,DrawPath,SATURATION,SCISSOR,unsupported.native-core-primitive.path-destination-read,cpu-oracle,stencil-continuation-path-cover,high,high,8
6,DrawPath,COLOR,SCISSOR,unsupported.native-core-primitive.path-destination-read,cpu-oracle,stencil-continuation-path-cover,high,high,8
6,DrawPath,LUMINOSITY,SCISSOR,unsupported.native-core-primitive.path-destination-read,cpu-oracle,stencil-continuation-path-cover,high,high,8
6,DrawDRRect,PLUS,UNCLIPPED,unsupported.native-core-primitive.path-destination-read,cpu-oracle,stencil-continuation-path-cover,high,high,8
6,DrawDRRect,MULTIPLY,UNCLIPPED,unsupported.native-core-primitive.path-destination-read,cpu-oracle,stencil-continuation-path-cover,high,high,8
6,DrawDRRect,OVERLAY,UNCLIPPED,unsupported.native-core-primitive.path-destination-read,cpu-oracle,stencil-continuation-path-cover,high,high,8
6,DrawDRRect,DARKEN,UNCLIPPED,unsupported.native-core-primitive.path-destination-read,cpu-oracle,stencil-continuation-path-cover,high,high,8
6,DrawDRRect,LIGHTEN,UNCLIPPED,unsupported.native-core-primitive.path-destination-read,cpu-oracle,stencil-continuation-path-cover,high,high,8
6,DrawDRRect,COLOR_DODGE,UNCLIPPED,unsupported.native-core-primitive.path-destination-read,cpu-oracle,stencil-continuation-path-cover,high,high,8
6,DrawDRRect,COLOR_BURN,UNCLIPPED,unsupported.native-core-primitive.path-destination-read,cpu-oracle,stencil-continuation-path-cover,high,high,8
6,DrawDRRect,HARD_LIGHT,UNCLIPPED,unsupported.native-core-primitive.path-destination-read,cpu-oracle,stencil-continuation-path-cover,high,high,8
6,DrawDRRect,SOFT_LIGHT,UNCLIPPED,unsupported.native-core-primitive.path-destination-read,cpu-oracle,stencil-continuation-path-cover,high,high,8
6,DrawDRRect,DIFFERENCE,UNCLIPPED,unsupported.native-core-primitive.path-destination-read,cpu-oracle,stencil-continuation-path-cover,high,high,8
6,DrawDRRect,EXCLUSION,UNCLIPPED,unsupported.native-core-primitive.path-destination-read,cpu-oracle,stencil-continuation-path-cover,high,high,8
6,DrawDRRect,HUE,UNCLIPPED,unsupported.native-core-primitive.path-destination-read,cpu-oracle,stencil-continuation-path-cover,high,high,8
6,DrawDRRect,SATURATION,UNCLIPPED,unsupported.native-core-primitive.path-destination-read,cpu-oracle,stencil-continuation-path-cover,high,high,8
6,DrawDRRect,COLOR,UNCLIPPED,unsupported.native-core-primitive.path-destination-read,cpu-oracle,stencil-continuation-path-cover,high,high,8
6,DrawDRRect,LUMINOSITY,UNCLIPPED,unsupported.native-core-primitive.path-destination-read,cpu-oracle,stencil-continuation-path-cover,high,high,8
6,DrawDRRect,PLUS,SCISSOR,unsupported.native-core-primitive.path-destination-read,cpu-oracle,stencil-continuation-path-cover,high,high,8
6,DrawDRRect,MULTIPLY,SCISSOR,unsupported.native-core-primitive.path-destination-read,cpu-oracle,stencil-continuation-path-cover,high,high,8
6,DrawDRRect,OVERLAY,SCISSOR,unsupported.native-core-primitive.path-destination-read,cpu-oracle,stencil-continuation-path-cover,high,high,8
6,DrawDRRect,DARKEN,SCISSOR,unsupported.native-core-primitive.path-destination-read,cpu-oracle,stencil-continuation-path-cover,high,high,8
6,DrawDRRect,LIGHTEN,SCISSOR,unsupported.native-core-primitive.path-destination-read,cpu-oracle,stencil-continuation-path-cover,high,high,8
6,DrawDRRect,COLOR_DODGE,SCISSOR,unsupported.native-core-primitive.path-destination-read,cpu-oracle,stencil-continuation-path-cover,high,high,8
6,DrawDRRect,COLOR_BURN,SCISSOR,unsupported.native-core-primitive.path-destination-read,cpu-oracle,stencil-continuation-path-cover,high,high,8
6,DrawDRRect,HARD_LIGHT,SCISSOR,unsupported.native-core-primitive.path-destination-read,cpu-oracle,stencil-continuation-path-cover,high,high,8
6,DrawDRRect,SOFT_LIGHT,SCISSOR,unsupported.native-core-primitive.path-destination-read,cpu-oracle,stencil-continuation-path-cover,high,high,8
6,DrawDRRect,DIFFERENCE,SCISSOR,unsupported.native-core-primitive.path-destination-read,cpu-oracle,stencil-continuation-path-cover,high,high,8
6,DrawDRRect,EXCLUSION,SCISSOR,unsupported.native-core-primitive.path-destination-read,cpu-oracle,stencil-continuation-path-cover,high,high,8
6,DrawDRRect,HUE,SCISSOR,unsupported.native-core-primitive.path-destination-read,cpu-oracle,stencil-continuation-path-cover,high,high,8
6,DrawDRRect,SATURATION,SCISSOR,unsupported.native-core-primitive.path-destination-read,cpu-oracle,stencil-continuation-path-cover,high,high,8
6,DrawDRRect,COLOR,SCISSOR,unsupported.native-core-primitive.path-destination-read,cpu-oracle,stencil-continuation-path-cover,high,high,8
6,DrawDRRect,LUMINOSITY,SCISSOR,unsupported.native-core-primitive.path-destination-read,cpu-oracle,stencil-continuation-path-cover,high,high,8
2,clip:coverage,CLEAR/SRC/DST_IN,ALPHA_MASK,unsupported.native-core-primitive.analytic-shape-multi-key,cpu-oracle,prepared-dst-read-formula,low,low,4
2,clip:coverage,CLEAR/SRC/DST_IN,SCISSOR,unsupported.native-core-primitive.analytic-shape-multi-key,cpu-oracle,prepared-dst-read-formula,low,low,4
5,DrawRect,DST,ALPHA_MASK,unsupported.recording.core_primitive_analytic_clip_non_direct_geometry,cpu-oracle,analytic-clip-non-direct,low,medium,7
5,DrawColor,DST,ALPHA_MASK,unsupported.recording.core_primitive_analytic_clip_non_direct_geometry,cpu-oracle,analytic-clip-non-direct,low,medium,7
5,DrawPoint,DST,ALPHA_MASK,unsupported.recording.core_primitive_analytic_clip_non_direct_geometry,cpu-oracle,analytic-clip-non-direct,low,medium,7
5,DrawPoints,DST,ALPHA_MASK,unsupported.recording.core_primitive_analytic_clip_non_direct_geometry,cpu-oracle,analytic-clip-non-direct,low,medium,7
